                  epoch,         train/box_loss,         train/seg_loss,         train/obj_loss,         train/cls_loss,   metrics/precision(B),      metrics/recall(B),     metrics/mAP_0.5(B),metrics/mAP_0.5:0.95(B),   metrics/precision(M),      metrics/recall(M),     metrics/mAP_0.5(M),metrics/mAP_0.5:0.95(M),           val/box_loss,           val/seg_loss,           val/obj_loss,           val/cls_loss,                  x/lr0,                  x/lr1,                  x/lr2
                      0,                0.11891,                 0.2359,                0.10609,               0.039354,              0.0030364,               0.027778,              0.0020206,             0.00025809,              0.0020243,               0.018519,              0.0011103,             0.00011103,                0.12877,                0.23599,                0.08193,               0.041052,                 0.0982,                 0.0002,                 0.0002
                      1,                0.11968,                0.20854,               0.091977,                0.03852,              0.0030992,               0.027778,              0.0020998,             0.00026681,              0.0020661,               0.018519,              0.0013753,             0.00019666,                0.12644,                0.14826,               0.084776,                0.04032,               0.095499,             0.00049901,             0.00049901
                      2,                0.11828,                0.14306,               0.092044,               0.039299,              0.0010482,              0.0092593,             0.00057622,             5.7622e-05,              0.0031447,               0.027778,              0.0021058,             0.00021058,                0.12138,               0.079149,               0.085857,               0.039679,               0.092797,             0.00079683,             0.00079683
                      3,                0.11506,                0.10731,                0.10374,               0.037859,              0.0018116,               0.018519,              0.0010906,             0.00010906,               0.004529,               0.046296,               0.003687,             0.00066683,                  0.113,               0.040036,               0.086857,               0.039043,               0.090093,              0.0010935,              0.0010935
                      4,                0.10917,               0.074885,                0.11567,               0.036041,              0.0014535,               0.018519,             0.00079946,             0.00023209,               0.016752,               0.037037,              0.0062049,             0.00093252,                0.10124,               0.026281,               0.089142,               0.037468,               0.087389,              0.0013889,              0.0013889
                      5,                0.10087,               0.052857,                0.12208,               0.033718,               0.018687,                0.46296,                0.02192,              0.0044421,                0.11475,                0.15741,               0.089401,               0.022068,               0.090042,               0.023388,               0.088623,               0.035339,               0.084683,              0.0016832,              0.0016832
                      6,               0.098834,               0.047061,                0.11803,               0.032218,                0.60961,                0.17593,                0.11059,               0.024372,                0.72062,                0.31441,                0.24231,               0.069081,               0.080517,               0.019346,               0.084526,               0.031197,               0.081976,              0.0019762,              0.0019762
                      7,               0.093057,                0.03184,                0.11276,               0.029634,                0.63561,                0.25926,                0.15163,                0.03858,                0.73116,                0.37421,                0.27192,                0.09084,               0.081034,               0.015898,                0.10013,                0.03013,               0.079268,              0.0022681,              0.0022681
                      8,               0.089717,               0.030559,                0.09683,               0.028913,                 0.2574,                0.49074,                0.40156,                0.13758,                0.31414,                0.66667,                0.46887,                0.28179,                0.07396,               0.015886,                0.26031,                0.02357,               0.076559,              0.0025588,              0.0025588
                      9,               0.084548,               0.022552,               0.088638,               0.025035,                0.14646,                0.55396,                0.19874,               0.059009,                0.18426,                0.65212,                0.33128,                0.13485,               0.093658,               0.014982,                0.35214,               0.021034,               0.073848,              0.0028483,              0.0028483
                     10,               0.081684,               0.020782,               0.084928,               0.022631,               0.099443,                 0.7963,                0.14138,                0.04264,                0.10279,                0.83333,                0.15164,               0.081031,               0.092759,               0.016297,                0.29614,               0.014626,               0.071137,              0.0031366,              0.0031366
                     11,                0.08842,                 0.0175,               0.087869,               0.019629,                0.16628,                0.47222,                0.38582,                 0.1198,                0.18714,                0.97274,                0.52624,                 0.2808,               0.082894,               0.015965,                0.16899,                0.01279,               0.068424,              0.0034238,              0.0034238
                     12,               0.078134,               0.016998,                0.09184,                0.01882,                0.16401,                0.83333,                0.34831,                0.11598,                0.42253,                0.91667,                0.59108,                0.38934,               0.079339,               0.019105,                0.14935,               0.010364,                0.06571,              0.0037097,              0.0037097
                     13,                0.07981,               0.016954,               0.088928,               0.015985,                0.16887,                0.56481,                0.16035,               0.043105,                0.18615,                   0.75,                0.33701,                 0.1241,               0.080814,               0.014185,                0.13309,                0.01002,               0.062994,              0.0039945,              0.0039945
                     14,               0.078629,               0.015001,               0.090325,               0.014157,                 0.2397,                0.62037,                0.23343,               0.042206,                0.19581,                0.83333,                 0.3142,                0.13707,               0.088582,               0.019128,                0.15346,              0.0078369,               0.060278,               0.004278,               0.004278
                     15,               0.078106,               0.015742,               0.089904,                0.01369,                 0.2538,                 0.7037,                0.32932,                0.11835,                0.34122,                0.98148,                0.47651,                0.23642,                 0.0833,               0.017535,                0.10326,              0.0061386,                0.05756,              0.0045604,              0.0045604
                     16,               0.077833,               0.015119,               0.071848,               0.011281,                0.09007,                0.97222,                0.12697,               0.081285,                  0.284,                0.66667,                0.31387,                0.15542,               0.091271,                0.01346,               0.083202,              0.0042652,               0.054842,              0.0048416,              0.0048416
                     17,               0.084921,                0.01383,               0.079369,                0.01008,                0.32535,                0.75965,                0.40544,                 0.1054,                0.86639,                0.99074,                0.97466,                0.36318,               0.080995,              0.0098718,               0.072578,              0.0041473,               0.052122,              0.0051216,              0.0051216
                     18,               0.082386,               0.014458,               0.080119,              0.0092965,                0.43202,                0.86017,                0.75356,                0.31678,                0.46391,                      1,                0.79571,                0.70717,               0.073089,              0.0081553,               0.064575,              0.0036146,                 0.0494,              0.0054004,              0.0054004
                     19,               0.082736,                0.01613,               0.078352,              0.0088184,                0.27257,                0.91667,                0.75191,                0.31598,                0.30555,                0.86608,                  0.797,                0.49532,               0.087356,               0.015215,               0.097954,              0.0036741,               0.046678,               0.005678,               0.005678
                     20,               0.085262,               0.016782,               0.080144,              0.0080092,                0.13869,                0.37761,                0.22305,               0.092186,                 0.4438,                      1,                0.82917,                0.31812,               0.082186,              0.0078548,               0.071186,              0.0028616,               0.043954,              0.0059545,              0.0059545
                     21,               0.079008,               0.014536,               0.079031,               0.007673,                0.29317,                      1,                0.69799,                0.30081,                0.28472,                0.83333,                0.71123,                0.62991,                0.07024,                0.01198,               0.060848,              0.0027632,                0.04123,              0.0062297,              0.0062297
                     22,               0.079765,               0.018106,               0.079603,              0.0070038,                0.29482,                0.66667,                0.69229,                0.26344,                0.52843,                   0.75,                0.87293,                0.50376,               0.081115,              0.0073007,               0.090572,              0.0025718,               0.038504,              0.0065038,              0.0065038
                     23,               0.077406,               0.014772,               0.070613,              0.0063761,                 0.1371,                0.56481,                0.15203,               0.079701,                0.99545,                    0.5,                0.63503,                0.22622,               0.081957,              0.0084261,                 0.0756,              0.0023028,               0.035777,              0.0067767,              0.0067767
                     24,               0.080202,               0.015299,                0.08488,              0.0067293,                 0.7524,                0.98148,                0.90321,                0.22747,                0.87352,                0.97222,                0.99279,                0.67075,               0.074195,              0.0069677,               0.076759,              0.0022456,               0.033048,              0.0070484,              0.0070484
                     25,               0.075757,               0.015458,               0.078041,              0.0059596,                0.31342,                0.89136,                0.68291,                 0.2393,                0.74146,                      1,                0.99385,                0.64555,               0.080814,              0.0079999,               0.091995,              0.0023681,               0.030319,              0.0073188,              0.0073188
                     26,               0.080182,               0.015237,               0.079736,              0.0053177,                 0.6308,                      1,                0.70346,                0.21083,                0.74445,                      1,                  0.995,                0.52956,                0.08074,              0.0072908,               0.082161,              0.0018811,               0.027588,              0.0075882,              0.0075882
                     27,               0.076459,               0.015554,               0.071275,              0.0058891,                0.51268,                0.95502,                0.72288,                0.34098,                0.79322,                      1,                0.99076,                0.67812,                0.08387,              0.0064391,               0.060692,              0.0023892,               0.024856,              0.0078563,              0.0078563
                     28,               0.082302,               0.015321,               0.070949,              0.0055243,                0.51268,                0.95502,                0.72288,                0.34098,                0.79322,                      1,                0.99076,                0.67812,                0.08387,              0.0064391,               0.060692,              0.0023892,               0.022123,              0.0081232,              0.0081232
                     29,               0.081827,               0.014877,               0.069754,              0.0047919,                0.13513,                 0.7963,                0.18717,               0.075854,                0.48811,                      1,                 0.6135,                0.39068,               0.071749,              0.0068504,               0.091743,              0.0025663,               0.019389,               0.008389,               0.008389
                     30,               0.084495,               0.015111,               0.081711,              0.0053083,                0.78295,                      1,                0.89125,                0.26786,                0.79116,                      1,                0.97143,                0.52943,               0.082805,              0.0085776,               0.062614,              0.0037371,               0.016654,              0.0086535,              0.0086535
                     31,               0.086169,               0.014991,               0.089786,              0.0054304,                0.32353,                0.80425,                 0.7412,                0.21405,                0.35236,                0.91536,                0.90027,                0.62909,               0.070364,              0.0064843,               0.062439,              0.0044523,               0.013917,              0.0089169,              0.0089169
                     32,               0.082775,               0.015054,               0.069296,              0.0058633,                0.32353,                0.80425,                 0.7412,                0.21405,                0.35236,                0.91536,                0.90027,                0.62909,               0.070364,              0.0064843,               0.062439,              0.0044523,               0.011179,              0.0091791,              0.0091791
                     33,               0.083817,               0.013276,               0.073671,              0.0059875,                0.10299,                0.85185,                0.16006,               0.045421,                0.38822,                0.80273,                0.46281,                0.15826,               0.088223,               0.009962,               0.099472,              0.0033508,              0.0093466,              0.0093466,              0.0093466
                     34,               0.082989,               0.014441,               0.074243,              0.0058413,                0.39449,                0.57407,                0.52037,                0.18365,                0.51179,                0.81744,                0.71923,                0.34665,               0.063011,              0.0070164,               0.070194,              0.0047567,              0.0093466,              0.0093466,              0.0093466
                     35,               0.073875,               0.014846,               0.096471,              0.0067103,                0.39438,                0.64815,                0.52744,                0.29146,                0.69957,                0.87963,                0.89714,                0.54487,               0.076892,              0.0094028,                0.10134,               0.004513,              0.0093268,              0.0093268,              0.0093268
                     36,               0.085181,               0.015454,               0.085243,              0.0062739,                0.39438,                0.64815,                0.52744,                0.29146,                0.69957,                0.87963,                0.89714,                0.54487,               0.076892,              0.0094028,                0.10134,               0.004513,               0.009307,               0.009307,               0.009307
                     37,               0.077145,               0.017548,               0.082969,              0.0069386,                0.67059,                0.83208,                0.70474,                0.40437,                0.80224,                0.80703,                0.86472,                0.56333,               0.068078,              0.0082785,               0.082321,              0.0041342,              0.0092872,              0.0092872,              0.0092872
                     38,               0.073863,               0.014539,                0.08423,              0.0060231,                0.65152,                      1,                  0.929,                0.46447,                0.65152,                      1,                0.95417,                0.84596,               0.065761,               0.007758,               0.084076,              0.0035379,              0.0092674,              0.0092674,              0.0092674
                     39,               0.071753,               0.014228,               0.082198,              0.0062404,                0.22223,                0.89815,                0.51816,                0.15811,                0.24691,                      1,                0.58002,                0.33901,               0.063818,              0.0081488,                0.11377,              0.0035791,              0.0092476,              0.0092476,              0.0092476
                     40,                0.07161,               0.014343,               0.081466,              0.0063075,                0.22223,                0.89815,                0.51816,                0.15811,                0.24691,                      1,                0.58002,                0.33901,               0.063818,              0.0081488,                0.11377,              0.0035791,              0.0092278,              0.0092278,              0.0092278
                     41,               0.068884,               0.014688,               0.091217,              0.0056681,                0.47718,                      1,                0.66272,                0.25454,                0.47718,                      1,                0.91654,                0.52103,               0.071462,              0.0078439,                0.10364,               0.002197,               0.009208,               0.009208,               0.009208
                     42,               0.075028,               0.013744,               0.091061,              0.0047841,                 0.2075,                0.67593,                0.26811,               0.083429,                0.42727,                0.99074,                0.73677,                 0.2322,               0.075569,              0.0077967,                0.10511,              0.0021509,              0.0091882,              0.0091882,              0.0091882
                     43,               0.087096,               0.012124,               0.081124,              0.0040854,                0.43617,                0.66667,                0.64324,                0.13388,                0.43454,                0.80351,                0.79774,                0.40206,               0.070451,              0.0091657,               0.070694,              0.0030212,              0.0091684,              0.0091684,              0.0091684
                     44,               0.073201,               0.013069,               0.082037,              0.0049931,                0.43617,                0.66667,                0.64324,                0.13388,                0.43454,                0.80351,                0.79774,                0.40206,               0.070451,              0.0091657,               0.070694,              0.0030212,              0.0091486,              0.0091486,              0.0091486
                     45,               0.069683,               0.020471,               0.078609,              0.0058457,                0.28732,                0.91667,                0.71488,                0.26317,                0.34795,                0.97246,                0.79445,                 0.5096,               0.068588,               0.012208,               0.069866,               0.002647,              0.0091288,              0.0091288,              0.0091288
                     46,               0.069418,               0.015305,                0.07933,              0.0047649,                0.25851,                 0.8195,                0.36953,                0.14338,                0.32475,                 0.6995,                 0.4719,                0.27675,                0.06158,              0.0089248,               0.084526,              0.0048769,               0.009109,               0.009109,               0.009109
                     47,               0.064374,                0.01273,               0.074547,              0.0042512,                 0.6179,                0.77315,                0.77163,                0.32457,                0.70998,                0.85938,                 0.8795,                0.61232,               0.060477,               0.008728,               0.066135,              0.0052185,              0.0090892,              0.0090892,              0.0090892
                     48,               0.071868,               0.013282,               0.071115,              0.0043587,                 0.6179,                0.77315,                0.77163,                0.32457,                0.70998,                0.85938,                 0.8795,                0.61232,               0.060477,               0.008728,               0.066135,              0.0052185,              0.0090694,              0.0090694,              0.0090694
                     49,               0.074363,               0.015109,                0.05995,              0.0047444,                0.40936,                0.41667,                0.55879,                0.24378,                0.40936,                0.41667,                0.55879,                0.37572,               0.067108,              0.0099156,               0.074795,              0.0054657,              0.0090496,              0.0090496,              0.0090496
                     50,               0.073992,               0.014223,               0.072299,              0.0045418,                0.45386,                0.86799,                0.78382,                0.27498,                0.45386,                0.86799,                0.85728,                0.59444,               0.065192,              0.0093761,               0.078568,              0.0081608,              0.0090298,              0.0090298,              0.0090298
                     51,               0.073317,               0.013912,               0.066087,              0.0043932,                0.54972,                 0.7037,                0.75718,                 0.3894,                0.56852,                0.72222,                0.77498,                0.59204,               0.062256,               0.010037,               0.076515,              0.0073082,                0.00901,                0.00901,                0.00901
                     52,               0.074052,                 0.0148,                   0.07,              0.0048448,                0.54972,                 0.7037,                0.75718,                 0.3894,                0.56852,                0.72222,                0.77498,                0.59204,               0.062256,               0.010037,               0.076515,              0.0073082,              0.0089902,              0.0089902,              0.0089902
                     53,               0.070676,               0.017315,               0.084194,              0.0051042,                0.62143,                0.73046,                0.74926,                0.33791,                0.62143,                0.73046,                0.74972,                0.53408,               0.058056,               0.010034,               0.081558,              0.0085316,              0.0089704,              0.0089704,              0.0089704
                     54,               0.064351,               0.016394,               0.076991,              0.0046998,                0.47911,                0.91667,                0.79538,                0.46458,                0.47911,                0.91667,                0.79538,                0.63437,               0.050256,               0.012616,               0.074066,              0.0028716,              0.0089506,              0.0089506,              0.0089506
                     55,               0.059406,               0.014472,               0.071463,               0.004706,                0.77479,                0.65824,                0.89741,                0.44547,                0.77479,                0.65824,                0.89741,                0.67064,               0.061092,               0.011008,               0.077705,              0.0026327,              0.0089308,              0.0089308,              0.0089308
                     56,               0.062137,               0.013413,               0.073165,              0.0035775,                0.77479,                0.65824,                0.89741,                0.44547,                0.77479,                0.65824,                0.89741,                0.67064,               0.061092,               0.011008,               0.077705,              0.0026327,               0.008911,               0.008911,               0.008911
                     57,               0.057728,               0.015424,               0.068788,              0.0038786,                0.94751,                0.86078,                0.95482,                0.38184,                0.94751,                0.86078,                0.95482,                0.79267,               0.051026,               0.010194,               0.065346,              0.0021538,              0.0088912,              0.0088912,              0.0088912
                     58,               0.056406,               0.014652,               0.079648,              0.0031441,                0.56599,                0.97177,                0.87249,                0.37797,                0.56599,                0.97177,                0.87249,                0.58692,               0.056944,               0.011326,               0.077187,              0.0019263,              0.0088714,              0.0088714,              0.0088714
                     59,               0.060983,               0.013069,               0.092223,              0.0034172,                0.75098,                0.89195,                0.92003,                0.34117,                0.75098,                0.89195,                0.92003,                0.75482,               0.047543,               0.010542,               0.063217,              0.0016677,              0.0088516,              0.0088516,              0.0088516
                     60,               0.051071,               0.013395,               0.067181,              0.0029331,                0.75098,                0.89195,                0.92003,                0.34117,                0.75098,                0.89195,                0.92003,                0.75482,               0.047543,               0.010542,               0.063217,              0.0016677,              0.0088318,              0.0088318,              0.0088318
                     61,               0.050529,               0.013643,               0.079861,              0.0041058,                 0.6143,                      1,                0.77975,                0.48463,                 0.6143,                      1,                0.84656,                0.67015,               0.039397,               0.012156,               0.076073,              0.0018969,               0.008812,               0.008812,               0.008812
                     62,                0.05187,               0.013425,               0.071747,              0.0031989,                0.56972,                0.81481,                0.78842,                0.49861,                0.57366,                0.82407,                0.79245,                0.63034,               0.046825,               0.012041,                0.07045,              0.0017166,              0.0087922,              0.0087922,              0.0087922
                     63,                0.05213,               0.013311,               0.074469,               0.003315,                0.74365,                0.71296,                 0.8366,                0.42415,                0.74365,                0.71296,                 0.8366,                0.56775,               0.053299,               0.011395,               0.071457,              0.0015603,              0.0087724,              0.0087724,              0.0087724
                     64,               0.054537,               0.012834,               0.064352,              0.0041687,                0.74365,                0.71296,                 0.8366,                0.42415,                0.74365,                0.71296,                 0.8366,                0.56775,               0.053299,               0.011395,               0.071457,              0.0015603,              0.0087526,              0.0087526,              0.0087526
                     65,               0.053609,               0.014257,               0.075653,              0.0032681,                0.72348,                0.83333,                0.76687,                0.39892,                0.73035,                0.83333,                0.80854,                0.63773,               0.042827,               0.014347,               0.061455,               0.001813,              0.0087328,              0.0087328,              0.0087328
                     66,               0.053957,               0.014008,               0.065018,               0.003368,                0.69681,                0.99074,                0.81554,                0.33396,                0.69681,                0.99074,                0.81554,                0.53612,                0.05433,              0.0080121,               0.069397,              0.0019052,               0.008713,               0.008713,               0.008713
                     67,               0.060687,               0.013442,               0.070731,              0.0039829,                0.55372,                0.82407,                0.75128,                0.28702,                0.63201,                0.99074,                 0.8599,                0.67771,               0.044157,              0.0078279,               0.063869,              0.0021114,              0.0086932,              0.0086932,              0.0086932
                     68,               0.049533,               0.013836,               0.070868,              0.0038628,                0.55372,                0.82407,                0.75128,                0.28702,                0.63201,                0.99074,                 0.8599,                0.67771,               0.044157,              0.0078279,               0.063869,              0.0021114,              0.0086734,              0.0086734,              0.0086734
                     69,               0.049392,                0.01298,                0.06651,              0.0040706,                0.66801,                      1,                 0.7501,                0.31685,                 0.6984,                0.99987,                0.80094,                0.64784,               0.041659,              0.0073472,               0.067207,              0.0022369,              0.0086536,              0.0086536,              0.0086536
                     70,               0.053328,               0.012233,               0.062271,              0.0036164,                0.67745,                0.85684,                0.93068,                0.68273,                0.70446,                0.88462,                 0.9453,                0.84932,                0.04539,              0.0083637,               0.062782,              0.0024319,              0.0086338,              0.0086338,              0.0086338
                     71,               0.062259,               0.014559,               0.075064,              0.0038349,                0.70009,                0.83708,                 0.8681,                 0.2479,                0.80276,                0.90275,                 0.9482,                0.74193,               0.055404,              0.0081513,                0.06284,              0.0027678,               0.008614,               0.008614,               0.008614
                     72,               0.054419,               0.013659,               0.073745,              0.0040896,                0.70009,                0.83708,                 0.8681,                 0.2479,                0.80276,                0.90275,                 0.9482,                0.74193,               0.055404,              0.0081513,                0.06284,              0.0027678,              0.0085942,              0.0085942,              0.0085942
                     73,               0.048656,               0.013093,               0.075456,              0.0041581,                0.64138,                0.87963,                0.90271,                0.42249,                0.64138,                0.87963,                0.91907,                0.81722,               0.040522,              0.0078109,               0.056942,              0.0028613,              0.0085744,              0.0085744,              0.0085744
                     74,               0.049332,               0.013783,               0.065853,               0.004302,                0.80612,                0.97766,                0.93826,                0.43527,                0.80612,                0.97766,                0.93826,                0.67439,               0.046546,              0.0077483,                0.05957,               0.002968,              0.0085546,              0.0085546,              0.0085546
                     75,               0.056076,               0.013749,               0.058493,               0.004685,                0.86333,                0.82407,                0.86076,                0.55063,                0.86333,                0.82407,                0.86076,                0.69324,               0.047173,              0.0099121,               0.067001,              0.0026941,              0.0085348,              0.0085348,              0.0085348
                     76,               0.054886,               0.015155,               0.080536,              0.0045876,                0.86333,                0.82407,                0.86076,                0.55063,                0.86333,                0.82407,                0.86076,                0.69324,               0.047173,              0.0099121,               0.067001,              0.0026941,               0.008515,               0.008515,               0.008515
                     77,               0.048011,               0.014394,               0.066992,              0.0050418,                0.97408,                      1,                  0.995,                0.60551,                0.97408,                      1,                  0.995,                0.85783,               0.039938,              0.0072198,               0.067413,              0.0024093,              0.0084952,              0.0084952,              0.0084952
                     78,               0.046245,               0.012595,               0.064609,              0.0040018,                 0.6074,                      1,                0.84474,                0.36403,                0.72826,                      1,                0.96807,                0.75566,               0.047419,              0.0069948,               0.059921,              0.0021971,              0.0084754,              0.0084754,              0.0084754
                     79,               0.052831,               0.013943,               0.075134,              0.0043721,                0.53755,                      1,                0.80849,                0.33629,                0.53755,                      1,                0.80849,                0.66201,               0.047868,              0.0074793,               0.060104,              0.0020625,              0.0084556,              0.0084556,              0.0084556
                     80,               0.049418,               0.012137,               0.069865,              0.0037562,                0.53755,                      1,                0.80849,                0.33629,                0.53755,                      1,                0.80849,                0.66201,               0.047868,              0.0074793,               0.060104,              0.0020625,              0.0084358,              0.0084358,              0.0084358
                     81,               0.045573,               0.013566,                 0.0649,              0.0036892,                 0.7796,                      1,                0.98357,                0.59376,                 0.7796,                      1,                0.98357,                0.82876,               0.037776,              0.0069997,               0.052067,              0.0021855,               0.008416,               0.008416,               0.008416
                     82,               0.044433,               0.014555,               0.068055,              0.0034123,                0.51545,                0.96588,                0.79409,                0.37601,                0.51545,                0.96588,                0.79409,                 0.6349,               0.043953,              0.0085572,               0.062897,              0.0018003,              0.0083962,              0.0083962,              0.0083962
                     83,                0.04462,               0.014159,               0.058478,              0.0046452,                0.80445,                      1,                0.99156,                0.67963,                0.80445,                      1,                0.99156,                0.89664,               0.035959,              0.0079746,               0.053864,              0.0018203,              0.0083764,              0.0083764,              0.0083764
                     84,               0.044212,               0.013442,               0.074011,              0.0032283,                0.80445,                      1,                0.99156,                0.67963,                0.80445,                      1,                0.99156,                0.89664,               0.035959,              0.0079746,               0.053864,              0.0018203,              0.0083566,              0.0083566,              0.0083566
                     85,               0.041123,               0.013016,               0.058404,              0.0033655,                0.78749,                      1,                0.98313,                0.52493,                0.78749,                      1,                0.98313,                0.87937,               0.033873,              0.0073061,                0.05452,              0.0018891,              0.0083368,              0.0083368,              0.0083368
                     86,               0.043861,               0.012046,               0.064152,              0.0034272,                0.40709,                0.97713,                0.74703,                0.35755,                0.40709,                0.97713,                0.74703,                0.60394,               0.045162,              0.0078042,               0.066277,              0.0018369,               0.008317,               0.008317,               0.008317
                     87,               0.052898,               0.012049,               0.063578,              0.0033945,                0.68869,                0.99074,                0.92001,                0.43634,                0.69817,                      1,                0.94143,                0.70957,               0.037616,              0.0084236,               0.056152,              0.0020049,              0.0082972,              0.0082972,              0.0082972
                     88,               0.041711,                0.01274,               0.066523,              0.0032712,                0.68869,                0.99074,                0.92001,                0.43634,                0.69817,                      1,                0.94143,                0.70957,               0.037616,              0.0084236,               0.056152,              0.0020049,              0.0082774,              0.0082774,              0.0082774
                     89,                0.03848,                0.01204,               0.074948,              0.0036483,                0.74655,                      1,                  0.995,                0.83206,                0.74655,                      1,                  0.995,                0.92563,               0.021081,              0.0071137,                0.04636,              0.0020974,              0.0082576,              0.0082576,              0.0082576
                     90,               0.040327,               0.012061,               0.077502,              0.0028063,                0.53637,                0.90741,                0.81254,                0.42479,                0.56142,                0.90741,                0.88406,                0.65537,                0.04695,              0.0073039,               0.062721,              0.0019316,              0.0082378,              0.0082378,              0.0082378
                     91,               0.051829,               0.012487,                0.09143,              0.0024837,                0.79257,                      1,                 0.9325,                0.65881,                0.79257,                      1,                 0.9325,                0.81581,               0.027328,              0.0071874,               0.048485,               0.002012,               0.008218,               0.008218,               0.008218
                     92,               0.037927,               0.015255,               0.076635,              0.0031182,                0.79257,                      1,                 0.9325,                0.65881,                0.79257,                      1,                 0.9325,                0.81581,               0.027328,              0.0071874,               0.048485,               0.002012,              0.0081982,              0.0081982,              0.0081982
                     93,                0.03849,               0.012844,               0.076849,              0.0027808,                0.94307,                0.95187,                  0.995,                 0.6524,                0.94307,                0.95187,                  0.995,                0.89057,               0.027009,              0.0075845,               0.051838,              0.0021591,              0.0081784,              0.0081784,              0.0081784
                     94,               0.037249,               0.012377,               0.068987,              0.0029837,                0.89237,                      1,                  0.995,                0.56623,                0.89237,                      1,                  0.995,                0.78925,               0.029386,              0.0069132,               0.062145,              0.0020049,              0.0081586,              0.0081586,              0.0081586
                     95,                0.03813,               0.014393,               0.077985,              0.0030036,                0.98225,                      1,                  0.995,                 0.6213,                0.98225,                      1,                  0.995,                0.92892,               0.027786,              0.0072012,               0.051208,              0.0018827,              0.0081388,              0.0081388,              0.0081388
                     96,               0.032696,               0.013192,               0.063267,               0.002587,                0.98225,                      1,                  0.995,                 0.6213,                0.98225,                      1,                  0.995,                0.92892,               0.027786,              0.0072012,               0.051208,              0.0018827,               0.008119,               0.008119,               0.008119
                     97,               0.039113,                 0.0126,                0.08088,               0.002308,                0.71624,                      1,                0.98702,                0.72843,                0.71624,                      1,                0.98894,                0.79997,               0.029002,              0.0068484,               0.053249,              0.0017714,              0.0080992,              0.0080992,              0.0080992
                     98,               0.039278,               0.012599,               0.057855,               0.002631,                 0.8773,                      1,                0.99171,                0.53042,                 0.8773,                      1,                0.99171,                0.87386,               0.037639,              0.0065687,               0.047813,               0.001769,              0.0080794,              0.0080794,              0.0080794
                     99,               0.037801,                0.01232,               0.065408,              0.0028865,                 0.8572,                0.95381,                0.97325,                0.69777,                 0.8572,                0.95381,                0.97325,                0.85731,               0.032709,              0.0067392,               0.049309,              0.0020225,              0.0080596,              0.0080596,              0.0080596
                    100,               0.046437,               0.011652,               0.073725,              0.0029383,                 0.8572,                0.95381,                0.97325,                0.69777,                 0.8572,                0.95381,                0.97325,                0.85731,               0.032709,              0.0067392,               0.049309,              0.0020225,              0.0080398,              0.0080398,              0.0080398
                    101,               0.037873,               0.011137,               0.053679,              0.0024873,                0.79535,                      1,                  0.995,                0.48332,                0.79535,                      1,                  0.995,                0.86908,               0.040668,              0.0066932,                0.05468,              0.0020069,                0.00802,                0.00802,                0.00802
                    102,               0.036497,               0.011437,               0.066384,              0.0026937,                0.95414,                      1,                  0.995,                0.64025,                0.95414,                      1,                  0.995,                0.91448,               0.031502,                0.00645,               0.051807,              0.0017734,              0.0080002,              0.0080002,              0.0080002
                    103,               0.039724,                0.01233,               0.068951,              0.0024024,                 0.9575,                      1,                  0.995,                0.77667,                 0.9575,                      1,                  0.995,                0.94845,               0.033517,              0.0061681,               0.048782,              0.0019316,              0.0079804,              0.0079804,              0.0079804
                    104,                0.04075,               0.011928,               0.072458,              0.0023064,                 0.9575,                      1,                  0.995,                0.77667,                 0.9575,                      1,                  0.995,                0.94845,               0.033517,              0.0061681,               0.048782,              0.0019316,              0.0079606,              0.0079606,              0.0079606
                    105,               0.037073,               0.012337,               0.069181,              0.0025539,                0.99279,                      1,                  0.995,                0.60448,                0.99279,                      1,                  0.995,                0.74284,               0.022311,              0.0071432,               0.048813,              0.0022117,              0.0079408,              0.0079408,              0.0079408
                    106,               0.039791,               0.012116,               0.065657,              0.0025982,                0.87253,                      1,                  0.995,                0.55605,                0.87253,                      1,                  0.995,                0.91122,               0.038971,              0.0064717,               0.051826,              0.0018107,               0.007921,               0.007921,               0.007921
                    107,               0.045522,               0.012483,               0.062412,              0.0024434,                0.62207,                      1,                0.83301,                 0.6212,                0.85169,                0.92386,                 0.9325,                0.70899,                0.02646,              0.0074959,               0.048504,              0.0020825,              0.0079012,              0.0079012,              0.0079012
                    108,               0.043541,               0.013009,                0.07017,              0.0029819,                0.62207,                      1,                0.83301,                 0.6212,                0.85169,                0.92386,                 0.9325,                0.70899,                0.02646,              0.0074959,               0.048504,              0.0020825,              0.0078814,              0.0078814,              0.0078814
                    109,               0.038399,               0.011289,               0.062021,              0.0029412,                0.97037,                      1,                  0.995,                0.78183,                0.97037,                      1,                  0.995,                0.93594,               0.027063,              0.0061888,               0.045002,              0.0018788,              0.0078616,              0.0078616,              0.0078616
                    110,               0.038469,                0.01175,               0.063598,              0.0028407,                0.90669,                      1,                  0.995,                0.63525,                0.90669,                      1,                  0.995,                0.78826,               0.033513,              0.0067581,               0.044662,              0.0018507,              0.0078418,              0.0078418,              0.0078418
                    111,               0.047643,               0.010965,               0.061177,              0.0028685,                0.96735,                      1,                  0.995,                0.55238,                0.96735,                      1,                  0.995,                0.89093,               0.037383,              0.0065957,               0.051151,              0.0017338,               0.007822,               0.007822,               0.007822
                    112,               0.039658,               0.011749,               0.058817,              0.0028601,                0.96735,                      1,                  0.995,                0.55238,                0.96735,                      1,                  0.995,                0.89093,               0.037383,              0.0065957,               0.051151,              0.0017338,              0.0078022,              0.0078022,              0.0078022
                    113,               0.037235,               0.012506,               0.055203,              0.0029828,                 0.8599,                      1,                  0.995,                0.65081,                 0.8599,                      1,                  0.995,                0.92384,               0.027621,              0.0065148,                0.04435,              0.0018587,              0.0077824,              0.0077824,              0.0077824
                    114,               0.037303,               0.011993,                0.06695,              0.0028904,                0.99259,                      1,                  0.995,                0.70689,                0.99259,                      1,                  0.995,                0.87341,               0.025212,              0.0075666,               0.048325,              0.0019615,              0.0077626,              0.0077626,              0.0077626
                    115,               0.036502,               0.013207,               0.063311,              0.0031251,                0.99245,                      1,                  0.995,                0.70474,                0.99245,                      1,                  0.995,                0.90634,               0.026585,              0.0079311,               0.044628,               0.002024,              0.0077428,              0.0077428,              0.0077428
                    116,               0.029491,               0.013135,               0.061556,               0.003829,                0.99245,                      1,                  0.995,                0.70474,                0.99245,                      1,                  0.995,                0.90634,               0.026585,              0.0079311,               0.044628,               0.002024,               0.007723,               0.007723,               0.007723
                    117,               0.032062,               0.010956,               0.063502,               0.002652,                 0.9946,                      1,                  0.995,                0.74785,                 0.9946,                      1,                  0.995,                0.83396,               0.023274,              0.0072915,               0.041733,              0.0018349,              0.0077032,              0.0077032,              0.0077032
                    118,               0.034646,               0.011591,               0.064843,               0.003098,                0.99437,                      1,                  0.995,                0.59013,                0.99437,                      1,                  0.995,                0.91407,               0.036303,              0.0070532,               0.053364,              0.0017954,              0.0076834,              0.0076834,              0.0076834
                    119,               0.037122,                0.01118,                0.06513,              0.0026376,                0.99232,                      1,                  0.995,                0.83572,                0.99232,                      1,                  0.995,                0.87725,               0.017627,               0.006412,               0.038128,              0.0018828,              0.0076636,              0.0076636,              0.0076636
                    120,               0.033783,               0.011233,               0.061218,              0.0029971,                0.99232,                      1,                  0.995,                0.83572,                0.99232,                      1,                  0.995,                0.87725,               0.017627,               0.006412,               0.038128,              0.0018828,              0.0076438,              0.0076438,              0.0076438
                    121,               0.031017,               0.011555,               0.062793,              0.0032535,                0.99015,                      1,                  0.995,                0.69843,                0.99015,                      1,                  0.995,                 0.9468,               0.027269,              0.0065414,               0.044014,              0.0018923,               0.007624,               0.007624,               0.007624
                    122,               0.032929,               0.010763,               0.055578,              0.0025872,                0.81644,                      1,                0.99136,                0.65258,                0.81644,                      1,                0.99136,                0.79941,                0.04045,              0.0065255,               0.052719,              0.0019313,              0.0076042,              0.0076042,              0.0076042
                    123,                0.04556,               0.012061,               0.055924,               0.003018,                0.80591,                      1,                  0.995,                 0.6597,                0.80591,                      1,                  0.995,                0.89261,               0.028302,              0.0068104,                0.04604,              0.0019073,              0.0075844,              0.0075844,              0.0075844
                    124,               0.035055,               0.011688,               0.064702,              0.0027673,                0.80591,                      1,                  0.995,                 0.6597,                0.80591,                      1,                  0.995,                0.89261,               0.028302,              0.0068104,                0.04604,              0.0019073,              0.0075646,              0.0075646,              0.0075646
                    125,               0.031745,                0.01086,                0.06782,              0.0026715,                0.94826,                      1,                  0.995,                0.73475,                0.94826,                      1,                  0.995,                0.90163,               0.025118,              0.0067626,               0.042591,              0.0019229,              0.0075448,              0.0075448,              0.0075448
                    126,               0.033978,               0.012267,               0.065813,              0.0025715,                 0.9939,                      1,                  0.995,                0.58028,                 0.9939,                      1,                  0.995,                0.91339,               0.031369,               0.006859,               0.056126,              0.0021462,               0.007525,               0.007525,               0.007525
                    127,               0.033181,               0.011691,               0.059746,               0.002568,                0.99416,                      1,                  0.995,                0.79579,                0.99416,                      1,                  0.995,                0.89881,               0.020265,              0.0068381,               0.041214,              0.0020677,              0.0075052,              0.0075052,              0.0075052
                    128,               0.027954,               0.011635,               0.053456,              0.0025579,                0.99416,                      1,                  0.995,                0.79579,                0.99416,                      1,                  0.995,                0.89881,               0.020265,              0.0068381,               0.041214,              0.0020677,              0.0074854,              0.0074854,              0.0074854
                    129,               0.030464,               0.011338,               0.049439,              0.0023159,                0.93722,                      1,                0.99292,                0.74414,                0.93722,                      1,                0.99292,                0.92169,               0.025425,              0.0062272,               0.046696,              0.0019466,              0.0074656,              0.0074656,              0.0074656
                    130,               0.034247,                0.01039,                0.05662,              0.0021341,                 0.5749,                0.91667,                0.89218,                0.65489,                 0.5749,                0.91667,                0.89218,                0.75579,               0.035889,              0.0067561,               0.052616,              0.0021741,              0.0074458,              0.0074458,              0.0074458
                    131,               0.046826,               0.010148,               0.067425,              0.0025553,                0.77245,                0.97863,                  0.995,                0.75312,                0.77245,                0.97863,                  0.995,                0.88808,               0.023475,              0.0067969,               0.040852,               0.002211,               0.007426,               0.007426,               0.007426
                    132,               0.035715,               0.010807,               0.061317,              0.0024834,                0.77245,                0.97863,                  0.995,                0.75312,                0.77245,                0.97863,                  0.995,                0.88808,               0.023475,              0.0067969,               0.040852,               0.002211,              0.0074062,              0.0074062,              0.0074062
                    133,               0.028484,                0.01127,               0.062115,              0.0023866,                0.95918,                      1,                  0.995,                0.68578,                0.95918,                      1,                  0.995,                0.87279,               0.022368,              0.0064707,               0.042835,              0.0019887,              0.0073864,              0.0073864,              0.0073864
                    134,               0.030005,               0.010387,               0.060971,              0.0022017,                0.72785,                      1,                0.92171,                0.64596,                0.72785,                      1,                0.92171,                0.77843,               0.025855,              0.0082407,               0.050404,              0.0019526,              0.0073666,              0.0073666,              0.0073666
                    135,               0.039605,                0.01245,               0.084336,              0.0019983,                0.92311,                      1,                  0.995,                0.80017,                0.92311,                      1,                  0.995,                0.93106,               0.016477,               0.006172,               0.039932,              0.0018361,              0.0073468,              0.0073468,              0.0073468
                    136,               0.026967,               0.011365,                0.05429,              0.0020228,                0.92311,                      1,                  0.995,                0.80017,                0.92311,                      1,                  0.995,                0.93106,               0.016477,               0.006172,               0.039932,              0.0018361,               0.007327,               0.007327,               0.007327
                    137,               0.027139,               0.011357,                0.04979,              0.0023152,                0.99463,                      1,                  0.995,                0.77643,                0.99463,                      1,                  0.995,                0.88038,               0.021374,              0.0062703,               0.041225,              0.0016959,              0.0073072,              0.0073072,              0.0073072
                    138,               0.031343,               0.010962,               0.053322,              0.0022013,                0.89581,                      1,                  0.995,                0.46599,                0.89581,                      1,                  0.995,                0.90209,               0.046211,              0.0060898,               0.054035,              0.0014899,              0.0072874,              0.0072874,              0.0072874
                    139,               0.043672,                0.01109,               0.058942,              0.0019452,                0.80918,                      1,                0.99249,                0.65369,                0.80918,                      1,                0.99249,                0.81054,               0.034891,              0.0065549,                0.04565,               0.001965,              0.0072676,              0.0072676,              0.0072676
                    140,               0.040785,               0.010604,               0.058387,              0.0021754,                0.80918,                      1,                0.99249,                0.65369,                0.80918,                      1,                0.99249,                0.81054,               0.034891,              0.0065549,                0.04565,               0.001965,              0.0072478,              0.0072478,              0.0072478
                    141,               0.031351,               0.010533,               0.052988,              0.0025894,                0.97138,                      1,                  0.995,                 0.8232,                0.97138,                      1,                  0.995,                0.85939,               0.023414,              0.0066675,                0.04425,              0.0022184,               0.007228,               0.007228,               0.007228
                    142,               0.030619,               0.010341,               0.052549,               0.002298,                0.71693,                      1,                0.99455,                0.81251,                0.71693,                      1,                0.99455,                0.91617,               0.025939,              0.0062265,               0.045403,              0.0023333,              0.0072082,              0.0072082,              0.0072082
                    143,               0.038741,                0.01147,               0.061805,              0.0022986,                0.92355,                      1,                  0.995,                0.59871,                0.92355,                      1,                  0.995,                0.80672,               0.025176,               0.006249,               0.044731,              0.0022408,              0.0071884,              0.0071884,              0.0071884
                    144,               0.029609,                0.01097,               0.062379,               0.002417,                0.92355,                      1,                  0.995,                0.59871,                0.92355,                      1,                  0.995,                0.80672,               0.025176,               0.006249,               0.044731,              0.0022408,              0.0071686,              0.0071686,              0.0071686
                    145,               0.029039,               0.010881,               0.054595,              0.0023763,                0.98972,                      1,                  0.995,                0.77807,                0.98972,                      1,                  0.995,                0.84774,               0.022988,              0.0062199,               0.045006,              0.0022582,              0.0071488,              0.0071488,              0.0071488
                    146,               0.031539,               0.011637,               0.054648,              0.0024394,                0.98655,                      1,                  0.995,                0.73356,                0.98655,                      1,                  0.995,                0.92088,               0.027793,              0.0057429,               0.044807,               0.002289,               0.007129,               0.007129,               0.007129
                    147,               0.036692,               0.011575,               0.065289,              0.0025901,                 0.9944,                      1,                  0.995,                0.60909,                 0.9944,                      1,                  0.995,                0.74746,               0.020969,              0.0062213,                0.03978,              0.0024985,              0.0071092,              0.0071092,              0.0071092
                    148,                0.03502,               0.010394,               0.060992,               0.002486,                 0.9944,                      1,                  0.995,                0.60909,                 0.9944,                      1,                  0.995,                0.74746,               0.020969,              0.0062213,                0.03978,              0.0024985,              0.0070894,              0.0070894,              0.0070894
                    149,               0.030526,               0.010223,               0.053903,              0.0027134,                0.99416,                      1,                  0.995,                0.75262,                0.99416,                      1,                  0.995,                0.86675,               0.022081,              0.0058342,               0.040462,              0.0022777,              0.0070696,              0.0070696,              0.0070696
                    150,               0.029318,               0.010444,               0.047438,              0.0027193,                0.86823,                      1,                  0.995,                0.68587,                0.86823,                      1,                  0.995,                 0.8222,               0.035061,              0.0067348,               0.046841,              0.0024024,              0.0070498,              0.0070498,              0.0070498
                    151,               0.036102,               0.011243,               0.061966,              0.0027703,                0.97621,                      1,                  0.995,                0.72708,                0.97621,                      1,                  0.995,                0.89215,               0.023898,              0.0064404,               0.043243,              0.0022642,                0.00703,                0.00703,                0.00703
                    152,                0.03357,              0.0095266,               0.059099,              0.0025624,                0.97621,                      1,                  0.995,                0.72708,                0.97621,                      1,                  0.995,                0.89215,               0.023898,              0.0064404,               0.043243,              0.0022642,              0.0070102,              0.0070102,              0.0070102
                    153,               0.030865,               0.010074,               0.052811,              0.0029619,                0.99264,                      1,                  0.995,                0.81924,                0.99264,                      1,                  0.995,                0.89582,               0.020071,              0.0059887,               0.036926,              0.0021728,              0.0069904,              0.0069904,              0.0069904
                    154,                0.03366,               0.010973,                 0.0478,              0.0028266,                0.77016,                      1,                  0.995,                0.65709,                0.77016,                      1,                  0.995,                0.84838,               0.027631,              0.0058847,               0.047245,              0.0021033,              0.0069706,              0.0069706,              0.0069706
                    155,               0.038929,               0.010906,               0.070583,              0.0025925,                0.95073,                      1,                  0.995,                0.84053,                0.95073,                      1,                  0.995,                0.89689,               0.024967,              0.0057399,               0.046299,              0.0018034,              0.0069508,              0.0069508,              0.0069508
                    156,               0.029297,                 0.0108,               0.056974,              0.0024611,                0.95073,                      1,                  0.995,                0.84053,                0.95073,                      1,                  0.995,                0.89689,               0.024967,              0.0057399,               0.046299,              0.0018034,               0.006931,               0.006931,               0.006931
                    157,               0.024791,                0.01058,               0.046903,              0.0031185,                0.99388,                      1,                  0.995,                0.88061,                0.99388,                      1,                  0.995,                0.94473,               0.018459,              0.0055193,               0.038021,               0.001861,              0.0069112,              0.0069112,              0.0069112
                    158,               0.028143,               0.010573,               0.051131,              0.0025385,                0.73049,                      1,                  0.995,                0.78163,                0.73049,                      1,                  0.995,                0.88095,               0.030558,              0.0060778,               0.053429,              0.0017447,              0.0068914,              0.0068914,              0.0068914
                    159,               0.036157,               0.010103,               0.060756,              0.0024394,                0.96906,                      1,                  0.995,                0.75102,                0.96906,                      1,                  0.995,                 0.9279,               0.023626,              0.0053718,                0.04805,              0.0018446,              0.0068716,              0.0068716,              0.0068716
                    160,               0.027432,               0.010806,               0.050983,              0.0024793,                0.96906,                      1,                  0.995,                0.75102,                0.96906,                      1,                  0.995,                 0.9279,               0.023626,              0.0053718,                0.04805,              0.0018446,              0.0068518,              0.0068518,              0.0068518
                    161,               0.024082,               0.010438,               0.042336,              0.0023747,                0.99425,                      1,                  0.995,                0.87559,                0.99425,                      1,                  0.995,                0.95892,               0.017249,              0.0062224,                0.03804,              0.0019036,               0.006832,               0.006832,               0.006832
                    162,               0.027293,               0.010241,               0.045552,              0.0024631,                0.73208,                      1,                0.98248,                0.64413,                0.73208,                      1,                0.98248,                0.88301,               0.032702,              0.0053832,               0.045807,              0.0017683,              0.0068122,              0.0068122,              0.0068122
                    163,               0.036421,               0.010269,               0.058354,              0.0024926,                0.99446,                      1,                  0.995,                0.80935,                0.99446,                      1,                  0.995,                0.86422,               0.022033,              0.0055969,                  0.042,              0.0018941,              0.0067924,              0.0067924,              0.0067924
                    164,               0.029101,               0.010121,               0.053786,              0.0023623,                0.99446,                      1,                  0.995,                0.80935,                0.99446,                      1,                  0.995,                0.86422,               0.022033,              0.0055969,                  0.042,              0.0018941,              0.0067726,              0.0067726,              0.0067726
                    165,               0.026165,               0.010844,               0.044624,              0.0024589,                0.99467,                      1,                  0.995,                0.86973,                0.99467,                      1,                  0.995,                0.94616,               0.014232,              0.0054617,               0.036304,               0.001968,              0.0067528,              0.0067528,              0.0067528
                    166,               0.024777,               0.010069,               0.048102,              0.0021724,                0.72629,                      1,                  0.995,                0.68154,                0.72629,                      1,                  0.995,                0.83426,               0.026451,              0.0058117,               0.044838,              0.0017371,               0.006733,               0.006733,               0.006733
                    167,               0.034541,               0.010747,               0.055487,               0.002265,                0.99283,                      1,                  0.995,                0.77665,                0.99283,                      1,                  0.995,                0.96061,                0.02295,              0.0052126,               0.044708,               0.001762,              0.0067132,              0.0067132,              0.0067132
                    168,               0.027414,              0.0095657,               0.057308,              0.0020826,                0.99283,                      1,                  0.995,                0.77665,                0.99283,                      1,                  0.995,                0.96061,                0.02295,              0.0052126,               0.044708,               0.001762,              0.0066934,              0.0066934,              0.0066934
                    169,               0.024793,              0.0098589,               0.060749,              0.0020331,                0.99434,                      1,                  0.995,                 0.7915,                0.99434,                      1,                  0.995,                 0.9372,               0.018181,              0.0058189,               0.035294,              0.0018213,              0.0066736,              0.0066736,              0.0066736
                    170,               0.024426,               0.012726,                0.05218,              0.0021227,                0.92556,                      1,                  0.995,                0.70612,                0.92556,                      1,                  0.995,                0.86313,               0.022974,              0.0059253,               0.055744,               0.001784,              0.0066538,              0.0066538,              0.0066538
                    171,               0.028024,               0.011028,               0.061408,              0.0019584,                0.99458,                      1,                  0.995,                0.82396,                0.99458,                      1,                  0.995,                0.91271,               0.014364,              0.0057972,               0.033867,              0.0017879,               0.006634,               0.006634,               0.006634
                    172,                0.02173,               0.011314,               0.049273,              0.0021168,                0.99458,                      1,                  0.995,                0.82396,                0.99458,                      1,                  0.995,                0.91271,               0.014364,              0.0057972,               0.033867,              0.0017879,              0.0066142,              0.0066142,              0.0066142
                    173,               0.021409,               0.010595,               0.047403,              0.0017968,                0.99467,                      1,                  0.995,                0.79756,                0.99467,                      1,                  0.995,                0.85098,               0.019743,              0.0054884,               0.038403,              0.0017544,              0.0065944,              0.0065944,              0.0065944
                    174,               0.025405,               0.011394,               0.060448,               0.001989,                0.99503,                      1,                  0.995,                0.86228,                0.99503,                      1,                  0.995,                0.92993,               0.021344,               0.006229,               0.044556,              0.0017416,              0.0065746,              0.0065746,              0.0065746
                    175,               0.030562,               0.010411,                0.06378,              0.0020043,                0.99478,                      1,                  0.995,                0.91754,                0.99478,                      1,                  0.995,                0.93686,               0.017116,              0.0054695,               0.037357,              0.0016474,              0.0065548,              0.0065548,              0.0065548
                    176,               0.023362,               0.010461,                0.05378,              0.0019786,                0.99478,                      1,                  0.995,                0.91754,                0.99478,                      1,                  0.995,                0.93686,               0.017116,              0.0054695,               0.037357,              0.0016474,               0.006535,               0.006535,               0.006535
                    177,               0.022617,               0.010968,               0.049495,              0.0019993,                0.99491,                      1,                  0.995,                0.90836,                0.99491,                      1,                  0.995,                0.91121,               0.013146,              0.0057392,               0.033581,              0.0016401,              0.0065152,              0.0065152,              0.0065152
                    178,               0.025775,               0.010365,               0.053139,              0.0018561,                0.90082,                      1,                  0.995,                0.59637,                0.90082,                      1,                  0.995,                0.90803,               0.026765,              0.0059213,               0.046638,              0.0014992,              0.0064954,              0.0064954,              0.0064954
                    179,               0.034749,                0.01023,               0.061249,              0.0016697,                0.99438,                      1,                  0.995,                0.87057,                0.99438,                      1,                  0.995,                 0.9463,               0.017699,              0.0053642,               0.036816,              0.0015103,              0.0064756,              0.0064756,              0.0064756
                    180,               0.024921,               0.010442,               0.050105,              0.0020764,                0.99438,                      1,                  0.995,                0.87057,                0.99438,                      1,                  0.995,                 0.9463,               0.017699,              0.0053642,               0.036816,              0.0015103,              0.0064558,              0.0064558,              0.0064558
                    181,               0.024019,               0.009968,                0.05993,              0.0018082,                0.99459,                      1,                  0.995,                0.70581,                0.99459,                      1,                  0.995,                  0.839,               0.018702,              0.0058668,               0.037125,              0.0015405,               0.006436,               0.006436,               0.006436
                    182,               0.027751,               0.010456,               0.049711,              0.0019919,                0.99449,                      1,                  0.995,                0.79417,                0.99449,                      1,                  0.995,                0.96028,                0.02597,              0.0052736,               0.043427,              0.0014553,              0.0064162,              0.0064162,              0.0064162
                    183,               0.037442,               0.011364,               0.057337,              0.0018469,                0.99436,                      1,                  0.995,                 0.7725,                0.99436,                      1,                  0.995,                0.85827,               0.016817,              0.0055763,               0.038689,              0.0015631,              0.0063964,              0.0063964,              0.0063964
                    184,               0.026554,              0.0095692,               0.050818,              0.0018709,                0.99436,                      1,                  0.995,                 0.7725,                0.99436,                      1,                  0.995,                0.85827,               0.016817,              0.0055763,               0.038689,              0.0015631,              0.0063766,              0.0063766,              0.0063766
                    185,               0.025131,              0.0097567,               0.060668,              0.0019345,                0.99419,                      1,                  0.995,                 0.7211,                0.99419,                      1,                  0.995,                0.95169,                 0.0228,              0.0053377,               0.041595,              0.0014171,              0.0063568,              0.0063568,              0.0063568
                    186,               0.026084,              0.0099515,               0.050074,              0.0018506,                0.97156,                      1,                  0.995,                0.89577,                0.97156,                      1,                  0.995,                  0.943,               0.021672,              0.0055186,               0.043083,               0.001554,               0.006337,               0.006337,               0.006337
                    187,               0.028361,               0.011048,               0.059983,              0.0019038,                0.99418,                      1,                  0.995,                 0.7572,                0.99418,                      1,                  0.995,                0.95381,               0.022801,              0.0052485,                0.03793,              0.0015746,              0.0063172,              0.0063172,              0.0063172
                    188,               0.027928,              0.0098265,                0.05151,              0.0019074,                0.99418,                      1,                  0.995,                 0.7572,                0.99418,                      1,                  0.995,                0.95381,               0.022801,              0.0052485,                0.03793,              0.0015746,              0.0062974,              0.0062974,              0.0062974
                    189,               0.024448,              0.0094096,               0.049427,               0.001819,                  0.995,                      1,                  0.995,                0.84996,                  0.995,                      1,                  0.995,                0.93788,               0.017437,              0.0054216,               0.035973,              0.0016794,              0.0062776,              0.0062776,              0.0062776
                    190,               0.024596,               0.009612,               0.044179,              0.0018533,                0.99469,                      1,                  0.995,                0.77128,                0.99469,                      1,                  0.995,                0.88764,               0.026008,              0.0054693,               0.044685,               0.001585,              0.0062578,              0.0062578,              0.0062578
                    191,               0.030017,              0.0098227,               0.048014,               0.001789,                0.80296,                      1,                0.99474,                0.79192,                0.80296,                      1,                0.99474,                0.93651,               0.023164,               0.005405,               0.039124,              0.0017344,               0.006238,               0.006238,               0.006238
                    192,               0.026677,              0.0094882,               0.053748,              0.0019444,                0.80296,                      1,                0.99474,                0.79192,                0.80296,                      1,                0.99474,                0.93651,               0.023164,               0.005405,               0.039124,              0.0017344,              0.0062182,              0.0062182,              0.0062182
                    193,               0.023636,               0.010437,               0.049549,              0.0020515,                0.83331,                      1,                0.99491,                 0.8786,                0.83331,                      1,                0.99491,                0.91091,               0.019956,              0.0055031,               0.036762,              0.0018232,              0.0061984,              0.0061984,              0.0061984
                    194,               0.024864,               0.008969,               0.053855,              0.0020111,                0.99174,                      1,                  0.995,                0.68843,                0.99174,                      1,                  0.995,                0.87817,               0.024151,              0.0052488,                0.04319,              0.0018222,              0.0061786,              0.0061786,              0.0061786
                    195,               0.030022,               0.010185,               0.052273,              0.0019997,                0.99207,                      1,                  0.995,                0.80985,                0.99207,                      1,                  0.995,                0.89894,               0.018775,              0.0055858,               0.037113,              0.0019212,              0.0061588,              0.0061588,              0.0061588
                    196,               0.024991,              0.0098247,               0.059402,              0.0020178,                0.99207,                      1,                  0.995,                0.80985,                0.99207,                      1,                  0.995,                0.89894,               0.018775,              0.0055858,               0.037113,              0.0019212,               0.006139,               0.006139,               0.006139
                    197,               0.021017,              0.0099605,               0.044622,              0.0021445,                0.99144,                      1,                  0.995,                 0.8543,                0.99144,                      1,                  0.995,                0.93603,               0.016936,              0.0057995,               0.036198,              0.0019478,              0.0061192,              0.0061192,              0.0061192
                    198,               0.024561,               0.010586,                0.05312,              0.0019973,                0.99244,                      1,                  0.995,                0.80153,                0.99244,                      1,                  0.995,                 0.9605,                0.02123,              0.0057905,               0.040359,              0.0019187,              0.0060994,              0.0060994,              0.0060994
                    199,               0.033504,               0.010682,               0.072161,              0.0017627,                0.99264,                      1,                  0.995,                0.82593,                0.99264,                      1,                  0.995,                0.86631,               0.019198,                0.00599,               0.035149,              0.0019431,              0.0060796,              0.0060796,              0.0060796
                    200,               0.025142,               0.010048,                0.05476,              0.0020321,                0.99264,                      1,                  0.995,                0.82593,                0.99264,                      1,                  0.995,                0.86631,               0.019198,                0.00599,               0.035149,              0.0019431,              0.0060598,              0.0060598,              0.0060598
                    201,               0.022235,               0.010462,               0.046553,              0.0019245,                0.99371,                      1,                  0.995,                0.84656,                0.99371,                      1,                  0.995,                0.94035,               0.017727,              0.0055837,               0.036034,              0.0019189,                0.00604,                0.00604,                0.00604
                    202,               0.021908,              0.0099228,               0.042337,              0.0022577,                0.99388,                      1,                  0.995,                0.78745,                0.99388,                      1,                  0.995,                0.88242,               0.025654,              0.0057964,               0.046661,              0.0020173,              0.0060202,              0.0060202,              0.0060202
                    203,                0.02746,              0.0098574,               0.059518,              0.0018137,                0.99491,                      1,                  0.995,                0.77393,                0.99491,                      1,                  0.995,                0.93377,               0.022714,              0.0055646,                0.03846,              0.0021077,              0.0060004,              0.0060004,              0.0060004
                    204,               0.026002,              0.0086879,               0.045999,              0.0021135,                0.99491,                      1,                  0.995,                0.77393,                0.99491,                      1,                  0.995,                0.93377,               0.022714,              0.0055646,                0.03846,              0.0021077,              0.0059806,              0.0059806,              0.0059806
                    205,               0.025755,               0.010754,               0.058688,              0.0020158,                0.99452,                      1,                  0.995,                0.78172,                0.99452,                      1,                  0.995,                0.85601,               0.020905,              0.0058856,               0.040848,              0.0022984,              0.0059608,              0.0059608,              0.0059608
                    206,               0.027102,               0.010728,               0.055882,              0.0020594,                0.83728,                      1,                  0.995,                0.78572,                0.83728,                      1,                  0.995,                0.92207,               0.023414,              0.0051156,               0.038822,               0.002197,               0.005941,               0.005941,               0.005941
                    207,               0.028091,               0.010104,               0.051051,              0.0020325,                0.99489,                      1,                  0.995,                0.81146,                0.99489,                      1,                  0.995,                0.95213,                0.01881,              0.0052619,                0.03693,              0.0019538,              0.0059212,              0.0059212,              0.0059212
                    208,               0.024137,               0.010643,               0.046495,              0.0019555,                0.99489,                      1,                  0.995,                0.81146,                0.99489,                      1,                  0.995,                0.95213,                0.01881,              0.0052619,                0.03693,              0.0019538,              0.0059014,              0.0059014,              0.0059014
                    209,               0.021313,                0.01015,               0.052875,              0.0018201,                0.99472,                      1,                  0.995,                0.89435,                0.99472,                      1,                  0.995,                0.94582,               0.014297,              0.0052393,               0.037376,              0.0018637,              0.0058816,              0.0058816,              0.0058816
                    210,               0.022832,              0.0097061,               0.051171,               0.001848,                 0.9947,                      1,                  0.995,                0.83998,                 0.9947,                      1,                  0.995,                0.91955,               0.019809,              0.0049275,               0.044579,              0.0017216,              0.0058618,              0.0058618,              0.0058618
                    211,               0.030939,               0.011257,               0.054874,              0.0018949,                0.99496,                      1,                  0.995,                0.88731,                0.99496,                      1,                  0.995,                0.94879,                0.01715,              0.0049214,               0.037457,              0.0017355,               0.005842,               0.005842,               0.005842
                    212,                0.02083,                0.01049,               0.042847,              0.0018255,                0.99496,                      1,                  0.995,                0.88731,                0.99496,                      1,                  0.995,                0.94879,                0.01715,              0.0049214,               0.037457,              0.0017355,              0.0058222,              0.0058222,              0.0058222
                    213,                0.02536,              0.0097934,               0.051272,              0.0017119,                 0.9951,                      1,                  0.995,                0.85821,                 0.9951,                      1,                  0.995,                0.89693,               0.018415,              0.0050539,               0.038055,              0.0018139,              0.0058024,              0.0058024,              0.0058024
                    214,               0.028972,               0.010888,               0.051153,              0.0017864,                0.99486,                      1,                  0.995,                0.77181,                0.99486,                      1,                  0.995,                 0.9472,               0.024983,              0.0052588,               0.042751,              0.0015738,              0.0057826,              0.0057826,              0.0057826
                    215,               0.025621,               0.010154,               0.040704,              0.0017041,                0.93493,                      1,                  0.995,                 0.8149,                0.93493,                      1,                  0.995,                0.89813,               0.018705,              0.0053156,               0.034813,              0.0016654,              0.0057628,              0.0057628,              0.0057628
                    216,               0.028223,              0.0097805,               0.049641,              0.0017892,                0.93493,                      1,                  0.995,                 0.8149,                0.93493,                      1,                  0.995,                0.89813,               0.018705,              0.0053156,               0.034813,              0.0016654,               0.005743,               0.005743,               0.005743
                    217,               0.023804,               0.010342,               0.052925,              0.0019373,                0.99449,                      1,                  0.995,                0.85145,                0.99449,                      1,                  0.995,                0.92078,               0.018065,              0.0053916,               0.033524,              0.0015869,              0.0057232,              0.0057232,              0.0057232
                    218,               0.022719,              0.0094336,               0.057923,              0.0020061,                0.99447,                      1,                  0.995,                0.70863,                0.99447,                      1,                  0.995,                0.82078,                0.02349,              0.0052088,               0.039253,              0.0014641,              0.0057034,              0.0057034,              0.0057034
                    219,               0.026229,               0.010002,               0.058426,              0.0017371,                0.99445,                      1,                  0.995,                0.84726,                0.99445,                      1,                  0.995,                0.94204,               0.021338,              0.0051097,                0.03595,              0.0015361,              0.0056836,              0.0056836,              0.0056836
                    220,               0.024982,               0.011326,               0.048339,              0.0021927,                0.99445,                      1,                  0.995,                0.84726,                0.99445,                      1,                  0.995,                0.94204,               0.021338,              0.0051097,                0.03595,              0.0015361,              0.0056638,              0.0056638,              0.0056638
                    221,               0.021463,               0.010608,               0.047992,              0.0019953,                0.99456,                      1,                  0.995,                0.89231,                0.99456,                      1,                  0.995,                0.93533,               0.015341,              0.0049885,               0.032364,              0.0016149,               0.005644,               0.005644,               0.005644
                    222,               0.022357,               0.010468,               0.042234,              0.0020369,                0.99462,                      1,                  0.995,                0.84011,                0.99462,                      1,                  0.995,                0.92566,               0.018574,              0.0050774,               0.041389,               0.001655,              0.0056242,              0.0056242,              0.0056242
                    223,               0.024529,              0.0095871,               0.055222,              0.0018586,                0.99465,                      1,                  0.995,                0.81925,                0.99465,                      1,                  0.995,                0.93813,               0.016241,              0.0050202,               0.033581,              0.0016803,              0.0056044,              0.0056044,              0.0056044
                    224,               0.020934,              0.0098714,               0.040962,              0.0018513,                0.99465,                      1,                  0.995,                0.81925,                0.99465,                      1,                  0.995,                0.93813,               0.016241,              0.0050202,               0.033581,              0.0016803,              0.0055846,              0.0055846,              0.0055846
                    225,               0.020184,               0.010077,               0.047532,              0.0018875,                0.99473,                      1,                  0.995,                 0.8984,                0.99473,                      1,                  0.995,                0.90311,               0.011572,               0.005018,               0.030376,              0.0017575,              0.0055648,              0.0055648,              0.0055648
                    226,               0.021552,               0.010507,               0.036771,              0.0017637,                0.99472,                      1,                  0.995,                0.76948,                0.99472,                      1,                  0.995,                0.92143,               0.020325,              0.0048807,               0.038639,              0.0017146,               0.005545,               0.005545,               0.005545
                    227,               0.026378,              0.0099922,                0.04021,              0.0019036,                0.99457,                      1,                  0.995,                0.82241,                0.99457,                      1,                  0.995,                 0.8942,               0.017158,              0.0050922,               0.036785,              0.0018219,              0.0055252,              0.0055252,              0.0055252
                    228,               0.023894,               0.011027,               0.052991,              0.0017975,                0.99457,                      1,                  0.995,                0.82241,                0.99457,                      1,                  0.995,                 0.8942,               0.017158,              0.0050922,               0.036785,              0.0018219,              0.0055054,              0.0055054,              0.0055054
                    229,               0.023093,              0.0099945,               0.047163,              0.0017269,                0.99464,                      1,                  0.995,                0.89529,                0.99464,                      1,                  0.995,                0.92547,               0.013232,              0.0051809,               0.033249,              0.0018054,              0.0054856,              0.0054856,              0.0054856
                    230,               0.022673,               0.010393,               0.051347,              0.0019287,                0.99476,                      1,                  0.995,                0.78845,                0.99476,                      1,                  0.995,                0.92559,               0.020634,              0.0057552,               0.042545,              0.0017057,              0.0054658,              0.0054658,              0.0054658
                    231,               0.026238,              0.0098168,               0.048705,               0.001553,                0.99484,                      1,                  0.995,                0.84959,                0.99484,                      1,                  0.995,                0.94241,               0.013323,              0.0053872,               0.033783,              0.0017203,               0.005446,               0.005446,               0.005446
                    232,               0.021069,               0.009839,               0.052146,              0.0017344,                0.99484,                      1,                  0.995,                0.84959,                0.99484,                      1,                  0.995,                0.94241,               0.013323,              0.0053872,               0.033783,              0.0017203,              0.0054262,              0.0054262,              0.0054262
                    233,               0.019168,              0.0099486,               0.044923,              0.0017792,                0.99492,                      1,                  0.995,                0.86177,                0.99492,                      1,                  0.995,                0.93327,               0.011689,              0.0055285,                 0.0327,              0.0016864,              0.0054064,              0.0054064,              0.0054064
                    234,               0.021371,               0.010006,                0.04224,              0.0019546,                0.99493,                      1,                  0.995,                0.86655,                0.99493,                      1,                  0.995,                0.95966,               0.017707,              0.0051095,               0.036407,              0.0016688,              0.0053866,              0.0053866,              0.0053866
                    235,               0.030456,               0.011241,               0.057184,              0.0017585,                0.99505,                      1,                  0.995,                0.85015,                0.99505,                      1,                  0.995,                0.91997,               0.015496,              0.0052276,               0.034477,              0.0015759,              0.0053668,              0.0053668,              0.0053668
                    236,                0.01716,               0.010257,               0.040718,              0.0018662,                0.99505,                      1,                  0.995,                0.85015,                0.99505,                      1,                  0.995,                0.91997,               0.015496,              0.0052276,               0.034477,              0.0015759,               0.005347,               0.005347,               0.005347
                    237,               0.017853,              0.0095269,               0.039598,              0.0016881,                0.99499,                      1,                  0.995,                0.84535,                0.99499,                      1,                  0.995,                0.94614,               0.012448,               0.005384,               0.029091,              0.0015069,              0.0053272,              0.0053272,              0.0053272
                    238,               0.021357,               0.010449,               0.046915,              0.0015826,                0.79939,                      1,                  0.995,                0.66189,                0.79939,                      1,                  0.995,                 0.8506,               0.022657,              0.0052867,               0.036743,              0.0014733,              0.0053074,              0.0053074,              0.0053074
                    239,               0.028561,              0.0098317,               0.051076,              0.0016523,                0.99476,                      1,                  0.995,                 0.8666,                0.99476,                      1,                  0.995,                0.93427,               0.015568,              0.0052062,               0.034061,              0.0014937,              0.0052876,              0.0052876,              0.0052876
                    240,               0.021914,               0.010912,               0.041061,              0.0016789,                0.99476,                      1,                  0.995,                 0.8666,                0.99476,                      1,                  0.995,                0.93427,               0.015568,              0.0052062,               0.034061,              0.0014937,              0.0052678,              0.0052678,              0.0052678
                    241,               0.019832,               0.010405,               0.045771,              0.0017341,                0.99472,                      1,                  0.995,                0.86552,                0.99472,                      1,                  0.995,                0.90099,               0.014929,              0.0051451,               0.033455,              0.0015379,               0.005248,               0.005248,               0.005248
                    242,               0.022008,              0.0090287,               0.048084,              0.0015044,                0.99456,                      1,                  0.995,                0.84093,                0.99456,                      1,                  0.995,                0.94391,               0.024544,              0.0051253,               0.044334,              0.0014741,              0.0052282,              0.0052282,              0.0052282
                    243,               0.030693,              0.0096893,               0.068221,               0.001448,                0.99458,                      1,                  0.995,                0.87253,                0.99458,                      1,                  0.995,                0.90352,               0.018866,              0.0055366,               0.035946,              0.0016809,              0.0052084,              0.0052084,              0.0052084
                    244,               0.022322,               0.010344,               0.045117,              0.0016969,                0.99458,                      1,                  0.995,                0.87253,                0.99458,                      1,                  0.995,                0.90352,               0.018866,              0.0055366,               0.035946,              0.0016809,              0.0051886,              0.0051886,              0.0051886
                    245,               0.019162,               0.010543,                0.04633,              0.0017084,                0.99477,                      1,                  0.995,                0.84036,                0.99477,                      1,                  0.995,                0.91435,               0.017321,              0.0054206,               0.037216,              0.0016792,              0.0051688,              0.0051688,              0.0051688
                    246,               0.020659,              0.0087774,               0.046527,              0.0016642,                0.99421,                      1,                  0.995,                0.77862,                0.99421,                      1,                  0.995,                0.84276,                0.02045,              0.0054915,               0.045113,              0.0018079,               0.005149,               0.005149,               0.005149
                    247,               0.024403,              0.0094062,               0.049519,              0.0016342,                0.99506,                      1,                  0.995,                 0.8415,                0.99506,                      1,                  0.995,                0.93506,               0.014417,              0.0051943,               0.032677,               0.001758,              0.0051292,              0.0051292,              0.0051292
                    248,               0.024754,              0.0093828,               0.052567,              0.0016259,                0.99506,                      1,                  0.995,                 0.8415,                0.99506,                      1,                  0.995,                0.93506,               0.014417,              0.0051943,               0.032677,               0.001758,              0.0051094,              0.0051094,              0.0051094
                    249,               0.019539,              0.0092527,               0.041418,              0.0016258,                0.99511,                      1,                  0.995,                0.87919,                0.99511,                      1,                  0.995,                0.93205,               0.015387,              0.0052172,               0.037106,              0.0018203,              0.0050896,              0.0050896,              0.0050896
                    250,               0.021285,              0.0095878,               0.045978,              0.0018412,                0.99485,                      1,                  0.995,                0.79579,                0.99485,                      1,                  0.995,                0.94696,               0.015995,              0.0051695,               0.037781,              0.0016982,              0.0050698,              0.0050698,              0.0050698
                    251,               0.028669,              0.0094223,               0.050899,              0.0016614,                0.99495,                      1,                  0.995,                0.91761,                0.99495,                      1,                  0.995,                0.92466,               0.011754,              0.0053447,               0.034023,              0.0017173,                0.00505,                0.00505,                0.00505
                    252,               0.019246,               0.010197,               0.043743,              0.0016607,                0.99495,                      1,                  0.995,                0.91761,                0.99495,                      1,                  0.995,                0.92466,               0.011754,              0.0053447,               0.034023,              0.0017173,              0.0050302,              0.0050302,              0.0050302
                    253,               0.018626,              0.0092993,                0.04291,              0.0016903,                0.99472,                      1,                  0.995,                0.90722,                0.99472,                      1,                  0.995,                0.93198,               0.011954,              0.0054598,               0.034325,              0.0016403,              0.0050104,              0.0050104,              0.0050104
                    254,               0.021079,              0.0092026,                0.05079,               0.001451,                0.99465,                      1,                  0.995,                0.74502,                0.99465,                      1,                  0.995,                0.93742,               0.017663,              0.0059753,               0.037025,              0.0014716,              0.0049906,              0.0049906,              0.0049906
                    255,               0.026902,              0.0098844,               0.051574,               0.001491,                0.99467,                      1,                  0.995,                0.87658,                0.99467,                      1,                  0.995,                0.93035,               0.014715,              0.0053763,               0.036499,              0.0014694,              0.0049708,              0.0049708,              0.0049708
                    256,               0.021627,               0.010908,               0.047504,              0.0015674,                0.99467,                      1,                  0.995,                0.87658,                0.99467,                      1,                  0.995,                0.93035,               0.014715,              0.0053763,               0.036499,              0.0014694,               0.004951,               0.004951,               0.004951
                    257,               0.017672,              0.0094767,               0.044525,              0.0015058,                0.99463,                      1,                  0.995,                  0.903,                0.99463,                      1,                  0.995,                0.94078,               0.010144,              0.0050441,               0.031078,              0.0014292,              0.0049312,              0.0049312,              0.0049312
                    258,               0.020637,              0.0093328,               0.047929,              0.0014334,                0.99462,                      1,                  0.995,                 0.8571,                0.99462,                      1,                  0.995,                0.93612,               0.017774,              0.0050167,               0.036903,              0.0012759,              0.0049114,              0.0049114,              0.0049114
                    259,               0.027336,              0.0081852,               0.045927,              0.0013899,                 0.9946,                      1,                  0.995,                0.78462,                 0.9946,                      1,                  0.995,                0.94799,               0.016834,              0.0050458,               0.031727,              0.0012858,              0.0048916,              0.0048916,              0.0048916
                    260,               0.021799,              0.0098045,               0.050351,              0.0013405,                 0.9946,                      1,                  0.995,                0.78462,                 0.9946,                      1,                  0.995,                0.94799,               0.016834,              0.0050458,               0.031727,              0.0012858,              0.0048718,              0.0048718,              0.0048718
                    261,               0.019083,              0.0097726,               0.042927,              0.0013759,                0.99468,                      1,                  0.995,                0.86285,                0.99468,                      1,                  0.995,                0.92222,               0.014945,              0.0053749,               0.030674,              0.0012792,               0.004852,               0.004852,               0.004852
                    262,               0.020932,              0.0095686,               0.039887,              0.0013648,                0.99462,                      1,                  0.995,                0.73507,                0.99462,                      1,                  0.995,                0.94074,               0.024527,              0.0053393,               0.042503,              0.0011343,              0.0048322,              0.0048322,              0.0048322
                    263,               0.028149,              0.0085335,               0.049646,              0.0012958,                0.99486,                      1,                  0.995,                 0.8822,                0.99486,                      1,                  0.995,                0.89409,               0.012372,              0.0053279,               0.031807,              0.0012941,              0.0048124,              0.0048124,              0.0048124
                    264,               0.019774,               0.009372,               0.049185,               0.001401,                0.99486,                      1,                  0.995,                 0.8822,                0.99486,                      1,                  0.995,                0.89409,               0.012372,              0.0053279,               0.031807,              0.0012941,              0.0047926,              0.0047926,              0.0047926
                    265,               0.017895,              0.0091937,               0.036212,              0.0013942,                0.99498,                      1,                  0.995,                0.87911,                0.99498,                      1,                  0.995,                0.91098,               0.011171,              0.0054488,               0.031223,              0.0013062,              0.0047728,              0.0047728,              0.0047728
                    266,               0.018113,              0.0093259,               0.040015,              0.0014378,                 0.9949,                      1,                  0.995,                0.84919,                 0.9949,                      1,                  0.995,                0.92457,               0.016128,              0.0048923,               0.038113,              0.0012636,               0.004753,               0.004753,               0.004753
                    267,               0.021816,              0.0091064,                0.03704,              0.0012454,                0.99483,                      1,                  0.995,                 0.8348,                0.99483,                      1,                  0.995,                0.95974,               0.015466,              0.0049925,               0.032871,              0.0012335,              0.0047332,              0.0047332,              0.0047332
                    268,               0.020617,              0.0086918,               0.051054,               0.001309,                0.99483,                      1,                  0.995,                 0.8348,                0.99483,                      1,                  0.995,                0.95974,               0.015466,              0.0049925,               0.032871,              0.0012335,              0.0047134,              0.0047134,              0.0047134
                    269,               0.019164,              0.0098519,               0.047794,              0.0013664,                0.99495,                      1,                  0.995,                0.90654,                0.99495,                      1,                  0.995,                 0.9249,               0.010133,              0.0050277,               0.028111,              0.0012822,              0.0046936,              0.0046936,              0.0046936
                    270,               0.022219,              0.0096903,               0.041533,              0.0013679,                0.99485,                      1,                  0.995,                 0.7803,                0.99485,                      1,                  0.995,                0.95574,               0.020972,              0.0049417,               0.041378,              0.0011737,              0.0046738,              0.0046738,              0.0046738
                    271,               0.027714,              0.0096156,               0.049721,              0.0012331,                0.99488,                      1,                  0.995,                0.94342,                0.99488,                      1,                  0.995,                0.94984,               0.017649,              0.0049692,               0.034424,              0.0012669,               0.004654,               0.004654,               0.004654
                    272,               0.021554,               0.010531,               0.052112,              0.0013558,                0.99488,                      1,                  0.995,                0.94342,                0.99488,                      1,                  0.995,                0.94984,               0.017649,              0.0049692,               0.034424,              0.0012669,              0.0046342,              0.0046342,              0.0046342
                    273,               0.019391,              0.0095263,               0.044678,              0.0013891,                0.99496,                      1,                  0.995,                0.89505,                0.99496,                      1,                  0.995,                0.91625,               0.013698,              0.0052819,               0.031685,              0.0012928,              0.0046144,              0.0046144,              0.0046144
                    274,               0.020083,              0.0092898,               0.047535,              0.0013524,                0.99474,                      1,                  0.995,                0.83817,                0.99474,                      1,                  0.995,                0.93785,               0.014822,              0.0046425,               0.034313,              0.0012773,              0.0045946,              0.0045946,              0.0045946
                    275,               0.023056,              0.0084813,               0.042129,              0.0013484,                 0.9951,                      1,                  0.995,                0.96748,                 0.9951,                      1,                  0.995,                0.94367,               0.014244,              0.0047983,               0.030949,              0.0012345,              0.0045748,              0.0045748,              0.0045748
                    276,               0.018673,              0.0096425,               0.034468,              0.0014107,                 0.9951,                      1,                  0.995,                0.96748,                 0.9951,                      1,                  0.995,                0.94367,               0.014244,              0.0047983,               0.030949,              0.0012345,               0.004555,               0.004555,               0.004555
                    277,               0.015789,              0.0081515,               0.037885,              0.0012785,                0.99501,                      1,                  0.995,                0.96844,                0.99501,                      1,                  0.995,                0.95142,               0.010927,              0.0048285,               0.027805,               0.001232,              0.0045352,              0.0045352,              0.0045352
                    278,               0.018071,              0.0091258,               0.043598,              0.0012823,                0.99495,                      1,                  0.995,                0.88421,                0.99495,                      1,                  0.995,                0.93184,               0.014855,              0.0048402,               0.037743,              0.0012411,              0.0045154,              0.0045154,              0.0045154
                    279,               0.024308,              0.0097393,               0.047275,              0.0013097,                0.99484,                      1,                  0.995,                0.89065,                0.99484,                      1,                  0.995,                0.91286,               0.013472,              0.0053147,               0.032593,               0.001262,              0.0044956,              0.0044956,              0.0044956
                    280,               0.022082,               0.010112,                0.04249,              0.0012795,                0.99484,                      1,                  0.995,                0.89065,                0.99484,                      1,                  0.995,                0.91286,               0.013472,              0.0053147,               0.032593,               0.001262,              0.0044758,              0.0044758,              0.0044758
                    281,               0.018203,              0.0091799,               0.050252,                0.00131,                 0.9947,                      1,                  0.995,                0.90048,                 0.9947,                      1,                  0.995,                0.95235,               0.011443,              0.0047935,               0.030655,              0.0012501,               0.004456,               0.004456,               0.004456
                    282,                0.01926,              0.0089708,               0.040061,              0.0012202,                0.99478,                      1,                  0.995,                0.78393,                0.99478,                      1,                  0.995,                0.83456,               0.018928,              0.0048299,               0.039925,              0.0012407,              0.0044362,              0.0044362,              0.0044362
                    283,               0.027123,               0.010729,               0.046278,              0.0012434,                0.99487,                      1,                  0.995,                0.92834,                0.99487,                      1,                  0.995,                0.95006,               0.013308,              0.0049145,                0.03117,              0.0012465,              0.0044164,              0.0044164,              0.0044164
                    284,                0.01718,              0.0095023,               0.037499,              0.0013458,                0.99487,                      1,                  0.995,                0.92834,                0.99487,                      1,                  0.995,                0.95006,               0.013308,              0.0049145,                0.03117,              0.0012465,              0.0043966,              0.0043966,              0.0043966
                    285,               0.018408,              0.0096083,                0.04459,              0.0012249,                0.99506,                      1,                  0.995,                0.90719,                0.99506,                      1,                  0.995,                0.93268,               0.012603,              0.0049305,                0.03059,              0.0012873,              0.0043768,              0.0043768,              0.0043768
                    286,               0.020688,              0.0093305,               0.046775,              0.0012367,                0.99493,                      1,                  0.995,                0.75329,                0.99493,                      1,                  0.995,                0.95242,               0.014533,              0.0048983,               0.035007,              0.0012205,               0.004357,               0.004357,               0.004357
                    287,               0.024865,              0.0095398,               0.055825,               0.001199,                0.99502,                      1,                  0.995,                0.86802,                0.99502,                      1,                  0.995,                0.93615,               0.011201,              0.0051526,                0.02887,              0.0012365,              0.0043372,              0.0043372,              0.0043372
                    288,               0.018152,               0.010721,               0.040945,              0.0013381,                0.99502,                      1,                  0.995,                0.86802,                0.99502,                      1,                  0.995,                0.93615,               0.011201,              0.0051526,                0.02887,              0.0012365,              0.0043174,              0.0043174,              0.0043174
                    289,                0.01708,              0.0095229,               0.041021,              0.0014802,                0.99485,                      1,                  0.995,                0.86872,                0.99485,                      1,                  0.995,                0.95736,               0.010598,              0.0053352,               0.028225,              0.0011966,              0.0042976,              0.0042976,              0.0042976
                    290,               0.016919,               0.010119,               0.041487,              0.0012235,                0.99493,                      1,                  0.995,                0.83764,                0.99493,                      1,                  0.995,                0.88498,               0.011523,              0.0052238,               0.028419,              0.0012262,              0.0042778,              0.0042778,              0.0042778
                    291,               0.020289,               0.010492,               0.052224,              0.0014715,                0.99491,                      1,                  0.995,                0.86919,                0.99491,                      1,                  0.995,                0.94525,               0.011969,              0.0055025,               0.029091,               0.001183,               0.004258,               0.004258,               0.004258
                    292,               0.022259,              0.0091787,               0.046158,               0.001203,                0.99491,                      1,                  0.995,                0.86919,                0.99491,                      1,                  0.995,                0.94525,               0.011969,              0.0055025,               0.029091,               0.001183,              0.0042382,              0.0042382,              0.0042382
                    293,               0.016732,              0.0097641,               0.044669,              0.0011938,                0.99492,                      1,                  0.995,                0.91549,                0.99492,                      1,                  0.995,                0.93863,               0.010081,              0.0052687,               0.027672,              0.0012022,              0.0042184,              0.0042184,              0.0042184
                    294,               0.017565,              0.0090053,                 0.0416,              0.0012107,                0.99505,                      1,                  0.995,                0.80827,                0.99505,                      1,                  0.995,                0.87679,                0.01552,              0.0052877,               0.031166,              0.0012307,              0.0041986,              0.0041986,              0.0041986
                    295,               0.022334,               0.008889,               0.048094,              0.0012413,                0.99507,                      1,                  0.995,                0.87348,                0.99507,                      1,                  0.995,                0.94716,               0.015563,              0.0052175,               0.035133,              0.0012134,              0.0041788,              0.0041788,              0.0041788
                    296,               0.022411,               0.011146,               0.045873,              0.0011492,                0.99507,                      1,                  0.995,                0.87348,                0.99507,                      1,                  0.995,                0.94716,               0.015563,              0.0052175,               0.035133,              0.0012134,               0.004159,               0.004159,               0.004159
                    297,               0.017844,              0.0091418,               0.038667,              0.0012427,                0.99427,                      1,                  0.995,                0.90728,                0.99427,                      1,                  0.995,                0.94206,               0.010427,              0.0053309,               0.028286,              0.0012677,              0.0041392,              0.0041392,              0.0041392
                    298,               0.019701,              0.0097316,               0.042173,              0.0012526,                0.99362,                      1,                  0.995,                0.85758,                0.99362,                      1,                  0.995,                0.91204,               0.012842,              0.0053541,               0.029732,               0.001254,              0.0041194,              0.0041194,              0.0041194
                    299,               0.019904,              0.0094876,               0.037472,               0.001351,                0.99398,                      1,                  0.995,                0.92641,                0.99398,                      1,                  0.995,                0.93787,               0.013008,              0.0055417,               0.028765,              0.0012331,              0.0040996,              0.0040996,              0.0040996
                    300,               0.020331,              0.0097423,               0.043055,              0.0015658,                0.99398,                      1,                  0.995,                0.92641,                0.99398,                      1,                  0.995,                0.93787,               0.013008,              0.0055417,               0.028765,              0.0012331,              0.0040798,              0.0040798,              0.0040798
                    301,               0.020372,              0.0098142,               0.044928,              0.0012526,                0.99376,                      1,                  0.995,                0.88118,                0.99376,                      1,                  0.995,                0.94857,               0.015257,              0.0056083,               0.030928,              0.0012344,                0.00406,                0.00406,                0.00406
                    302,               0.018969,              0.0097821,               0.041866,               0.001324,                0.99402,                      1,                  0.995,                0.90426,                0.99402,                      1,                  0.995,                0.92489,                0.01161,              0.0055217,               0.030472,              0.0012132,              0.0040402,              0.0040402,              0.0040402
                    303,                0.02023,               0.010702,               0.039851,               0.001415,                 0.9952,                      1,                  0.995,                 0.8624,                 0.9952,                      1,                  0.995,                0.91723,               0.012723,               0.005811,               0.029964,              0.0011624,              0.0040204,              0.0040204,              0.0040204
                    304,                0.01649,              0.0094108,                0.04553,              0.0012825,                 0.9952,                      1,                  0.995,                 0.8624,                 0.9952,                      1,                  0.995,                0.91723,               0.012723,               0.005811,               0.029964,              0.0011624,              0.0040006,              0.0040006,              0.0040006
                    305,               0.015305,               0.008782,               0.040936,              0.0012116,                0.99519,                      1,                  0.995,                0.93811,                0.99519,                      1,                  0.995,                0.92893,              0.0088696,              0.0057024,               0.026669,               0.001127,              0.0039808,              0.0039808,              0.0039808
                    306,               0.020676,              0.0094931,               0.045306,              0.0015241,                0.99516,                      1,                  0.995,                 0.8109,                0.99516,                      1,                  0.995,                0.89156,               0.013986,              0.0056807,               0.031071,              0.0010803,               0.003961,               0.003961,               0.003961
                    307,               0.020994,              0.0093532,               0.042099,              0.0012356,                 0.9949,                      1,                  0.995,                0.91403,                 0.9949,                      1,                  0.995,                0.94258,               0.013436,              0.0054084,               0.029484,              0.0010141,              0.0039412,              0.0039412,              0.0039412
                    308,               0.018579,              0.0098067,               0.036925,              0.0013681,                 0.9949,                      1,                  0.995,                0.91403,                 0.9949,                      1,                  0.995,                0.94258,               0.013436,              0.0054084,               0.029484,              0.0010141,              0.0039214,              0.0039214,              0.0039214
                    309,               0.015882,              0.0094942,                0.04092,              0.0015475,                0.99492,                      1,                  0.995,                0.91186,                0.99492,                      1,                  0.995,                0.95154,               0.010761,              0.0055569,               0.028263,             0.00098984,              0.0039016,              0.0039016,              0.0039016
                    310,               0.019567,              0.0077457,               0.047063,              0.0012055,                0.99497,                      1,                  0.995,                0.76487,                0.99497,                      1,                  0.995,                0.84496,               0.019389,              0.0057878,               0.036953,             0.00097532,              0.0038818,              0.0038818,              0.0038818
                    311,               0.025327,               0.009355,               0.043589,              0.0012579,                0.99484,                      1,                  0.995,                0.90443,                0.99484,                      1,                  0.995,                0.90592,               0.012449,               0.005469,               0.031982,             0.00096838,               0.003862,               0.003862,               0.003862
                    312,               0.020302,              0.0089496,               0.043103,              0.0013529,                0.99484,                      1,                  0.995,                0.90443,                0.99484,                      1,                  0.995,                0.90592,               0.012449,               0.005469,               0.031982,             0.00096838,              0.0038422,              0.0038422,              0.0038422
                    313,               0.017667,              0.0090827,               0.038892,              0.0013904,                0.99492,                      1,                  0.995,                0.91941,                0.99492,                      1,                  0.995,                0.95091,               0.010038,              0.0053697,               0.028793,             0.00097926,              0.0038224,              0.0038224,              0.0038224
                    314,               0.019492,                0.00902,               0.041117,              0.0011947,                0.99486,                      1,                  0.995,                 0.8069,                0.99486,                      1,                  0.995,                0.85757,               0.014472,              0.0055605,               0.034946,              0.0010024,              0.0038026,              0.0038026,              0.0038026
                    315,               0.023987,               0.010361,               0.045662,              0.0011867,                 0.9948,                      1,                  0.995,                0.88998,                 0.9948,                      1,                  0.995,                0.92643,               0.011443,              0.0055864,               0.030315,             0.00099578,              0.0037828,              0.0037828,              0.0037828
                    316,               0.016362,              0.0096055,               0.041582,              0.0013626,                 0.9948,                      1,                  0.995,                0.88998,                 0.9948,                      1,                  0.995,                0.92643,               0.011443,              0.0055864,               0.030315,             0.00099578,               0.003763,               0.003763,               0.003763
                    317,               0.015286,              0.0095586,               0.042098,              0.0013063,                0.99489,                      1,                  0.995,                 0.9082,                0.99489,                      1,                  0.995,                0.91212,               0.010003,              0.0055397,               0.029182,              0.0010133,              0.0037432,              0.0037432,              0.0037432
                    318,               0.016181,               0.010625,               0.042708,              0.0017409,                0.99511,                      1,                  0.995,                0.89977,                0.99511,                      1,                  0.995,                0.90849,               0.011122,              0.0053041,               0.031631,              0.0010262,              0.0037234,              0.0037234,              0.0037234
                    319,               0.019554,              0.0098502,               0.046929,              0.0012892,                0.99511,                      1,                  0.995,                0.87915,                0.99511,                      1,                  0.995,                  0.936,              0.0096269,              0.0049569,               0.027973,              0.0010364,              0.0037036,              0.0037036,              0.0037036
                    320,               0.015885,              0.0088001,               0.041556,              0.0013505,                0.99511,                      1,                  0.995,                0.87915,                0.99511,                      1,                  0.995,                  0.936,              0.0096269,              0.0049569,               0.027973,              0.0010364,              0.0036838,              0.0036838,              0.0036838
                    321,               0.015321,              0.0099369,               0.046205,              0.0011423,                0.99512,                      1,                  0.995,                0.92508,                0.99512,                      1,                  0.995,                0.94505,              0.0093597,              0.0049646,               0.027767,              0.0010472,               0.003664,               0.003664,               0.003664
                    322,               0.014499,              0.0086432,               0.040135,              0.0012736,                0.99511,                      1,                  0.995,                0.85882,                0.99511,                      1,                  0.995,                0.91573,               0.012422,              0.0046955,               0.032448,              0.0010376,              0.0036442,              0.0036442,              0.0036442
                    323,               0.017293,              0.0092319,               0.049187,              0.0012958,                0.99506,                      1,                  0.995,                0.90363,                0.99506,                      1,                  0.995,                0.95164,               0.011974,              0.0047961,               0.030273,              0.0010246,              0.0036244,              0.0036244,              0.0036244
                    324,                0.01767,               0.010183,                0.03801,              0.0013985,                0.99506,                      1,                  0.995,                0.90363,                0.99506,                      1,                  0.995,                0.95164,               0.011974,              0.0047961,               0.030273,              0.0010246,              0.0036046,              0.0036046,              0.0036046
                    325,               0.015915,              0.0093207,               0.038586,               0.001203,                0.99513,                      1,                  0.995,                0.92197,                0.99513,                      1,                  0.995,                0.93611,               0.009371,              0.0047016,               0.025757,              0.0010072,              0.0035848,              0.0035848,              0.0035848
                    326,               0.015672,              0.0087072,               0.037962,              0.0011409,                0.99526,                      1,                  0.995,                0.92566,                0.99526,                      1,                  0.995,                0.94527,               0.015713,               0.005004,               0.032143,              0.0010155,               0.003565,               0.003565,               0.003565
                    327,               0.020194,              0.0094051,               0.040824,              0.0011789,                0.99525,                      1,                  0.995,                0.90901,                0.99525,                      1,                  0.995,                0.92853,               0.011443,              0.0052758,               0.029087,              0.0010687,              0.0035452,              0.0035452,              0.0035452
                    328,                 0.0181,              0.0095677,               0.046254,              0.0011858,                0.99525,                      1,                  0.995,                0.90901,                0.99525,                      1,                  0.995,                0.92853,               0.011443,              0.0052758,               0.029087,              0.0010687,              0.0035254,              0.0035254,              0.0035254
                    329,                0.01518,              0.0092679,               0.040056,              0.0011702,                0.99518,                      1,                  0.995,                0.90994,                0.99518,                      1,                  0.995,                 0.9225,               0.010433,              0.0053382,               0.029728,              0.0010968,              0.0035056,              0.0035056,              0.0035056
                    330,               0.018227,              0.0096809,               0.040061,              0.0010981,                0.99471,                      1,                  0.995,                0.82572,                0.99471,                      1,                  0.995,                0.86847,                0.01138,              0.0057637,               0.031677,              0.0011992,              0.0034858,              0.0034858,              0.0034858
                    331,               0.021633,               0.009672,               0.042685,              0.0011618,                0.99515,                      1,                  0.995,                0.91269,                0.99515,                      1,                  0.995,                0.91928,               0.010831,              0.0050878,               0.030071,              0.0011725,               0.003466,               0.003466,               0.003466
                    332,               0.016835,              0.0098776,               0.043742,              0.0012244,                0.99515,                      1,                  0.995,                0.91269,                0.99515,                      1,                  0.995,                0.91928,               0.010831,              0.0050878,               0.030071,              0.0011725,              0.0034462,              0.0034462,              0.0034462
                    333,               0.014069,              0.0090583,               0.035054,              0.0011583,                0.99525,                      1,                  0.995,                0.87499,                0.99525,                      1,                  0.995,                0.91411,               0.010086,              0.0050638,               0.028748,              0.0012085,              0.0034264,              0.0034264,              0.0034264
                    334,               0.016975,              0.0092239,               0.044786,              0.0011714,                0.99526,                      1,                  0.995,                0.88146,                0.99526,                      1,                  0.995,                0.89761,               0.015897,              0.0052026,               0.036049,              0.0011785,              0.0034066,              0.0034066,              0.0034066
                    335,                 0.0211,              0.0099851,               0.043249,              0.0011588,                0.99519,                      1,                  0.995,                0.89577,                0.99519,                      1,                  0.995,                0.90588,               0.011008,              0.0050834,               0.029308,              0.0011828,              0.0033868,              0.0033868,              0.0033868
                    336,               0.016178,              0.0087872,               0.042339,              0.0011304,                0.99519,                      1,                  0.995,                0.89577,                0.99519,                      1,                  0.995,                0.90588,               0.011008,              0.0050834,               0.029308,              0.0011828,               0.003367,               0.003367,               0.003367
                    337,               0.015467,                0.01024,               0.042488,              0.0010451,                0.99511,                      1,                  0.995,                0.92004,                0.99511,                      1,                  0.995,                0.92463,              0.0098959,              0.0050899,               0.027664,              0.0011722,              0.0033472,              0.0033472,              0.0033472
                    338,               0.016563,              0.0089172,               0.040575,              0.0010955,                0.99511,                      1,                  0.995,                0.86848,                0.99511,                      1,                  0.995,                0.94626,               0.014724,              0.0049883,               0.031658,              0.0010902,              0.0033274,              0.0033274,              0.0033274
                    339,               0.021127,              0.0092723,               0.043437,              0.0010654,                0.99508,                      1,                  0.995,                0.89093,                0.99508,                      1,                  0.995,                0.90643,               0.011202,               0.005381,               0.028103,              0.0010974,              0.0033076,              0.0033076,              0.0033076
                    340,               0.017728,              0.0094848,               0.034887,              0.0012116,                0.99508,                      1,                  0.995,                0.89093,                0.99508,                      1,                  0.995,                0.90643,               0.011202,               0.005381,               0.028103,              0.0010974,              0.0032878,              0.0032878,              0.0032878
                    341,               0.015059,              0.0093056,               0.038801,              0.0011525,                0.99514,                      1,                  0.995,                0.95955,                0.99514,                      1,                  0.995,                0.93138,              0.0088378,              0.0055942,               0.025829,              0.0010721,               0.003268,               0.003268,               0.003268
                    342,               0.014968,              0.0089796,                 0.0379,              0.0011115,                0.99509,                      1,                  0.995,                0.88272,                0.99509,                      1,                  0.995,                0.91254,               0.013994,              0.0049898,               0.031128,              0.0010348,              0.0032482,              0.0032482,              0.0032482
                    343,               0.020913,              0.0087134,               0.040893,              0.0010217,                0.99507,                      1,                  0.995,                0.96913,                0.99507,                      1,                  0.995,                0.93702,              0.0099924,               0.005288,               0.026714,              0.0010556,              0.0032284,              0.0032284,              0.0032284
                    344,               0.015802,               0.009421,               0.040072,              0.0010583,                0.99507,                      1,                  0.995,                0.96913,                0.99507,                      1,                  0.995,                0.93702,              0.0099924,               0.005288,               0.026714,              0.0010556,              0.0032086,              0.0032086,              0.0032086
                    345,               0.014709,              0.0090395,               0.039401,              0.0010809,                0.99502,                      1,                  0.995,                0.95451,                0.99502,                      1,                  0.995,                0.94293,              0.0077836,              0.0051214,                0.02467,              0.0010496,              0.0031888,              0.0031888,              0.0031888
                    346,               0.015356,              0.0090334,               0.039326,              0.0010739,                  0.995,                      1,                  0.995,                0.91639,                  0.995,                      1,                  0.995,                0.92043,               0.011887,               0.005633,               0.031681,              0.0010021,               0.003169,               0.003169,               0.003169
                    347,               0.016684,              0.0078597,               0.037635,             0.00099139,                0.99507,                      1,                  0.995,                0.94244,                0.99507,                      1,                  0.995,                0.93711,               0.008624,              0.0052086,               0.025806,              0.0010135,              0.0031492,              0.0031492,              0.0031492
                    348,                0.01405,              0.0090308,               0.042293,             0.00097336,                0.99507,                      1,                  0.995,                0.94244,                0.99507,                      1,                  0.995,                0.93711,               0.008624,              0.0052086,               0.025806,              0.0010135,              0.0031294,              0.0031294,              0.0031294
                    349,               0.013213,              0.0094222,               0.039924,               0.001012,                0.99507,                      1,                  0.995,                0.94995,                0.99507,                      1,                  0.995,                0.93429,              0.0072542,              0.0051858,               0.024078,             0.00098083,              0.0031096,              0.0031096,              0.0031096
                    350,               0.017524,               0.010024,               0.046684,             0.00094103,                0.99513,                      1,                  0.995,                0.90318,                0.99513,                      1,                  0.995,                0.91885,                0.01043,              0.0055612,               0.028103,             0.00099757,              0.0030898,              0.0030898,              0.0030898
                    351,               0.021911,              0.0083566,               0.046751,             0.00097488,                0.99498,                      1,                  0.995,                0.93088,                0.99498,                      1,                  0.995,                0.93181,               0.011804,              0.0051658,               0.029253,             0.00094235,                0.00307,                0.00307,                0.00307
                    352,               0.018266,               0.010801,               0.041077,              0.0010201,                0.99498,                      1,                  0.995,                0.93088,                0.99498,                      1,                  0.995,                0.93181,               0.011804,              0.0051658,               0.029253,             0.00094235,              0.0030502,              0.0030502,              0.0030502
                    353,               0.015541,              0.0093142,               0.033553,              0.0010152,                0.99494,                      1,                  0.995,                  0.921,                0.99494,                      1,                  0.995,                0.91279,              0.0097285,              0.0052882,               0.026966,             0.00092018,              0.0030304,              0.0030304,              0.0030304
                    354,               0.015847,              0.0087278,               0.043121,              0.0010534,                0.99502,                      1,                  0.995,                0.93474,                0.99502,                      1,                  0.995,                0.91687,               0.012485,              0.0053179,                0.03064,             0.00090301,              0.0030106,              0.0030106,              0.0030106
                    355,                0.01837,              0.0096477,               0.046413,              0.0013619,                0.99504,                      1,                  0.995,                0.86388,                0.99504,                      1,                  0.995,                0.90336,              0.0098205,              0.0050814,               0.025684,              0.0009033,              0.0029908,              0.0029908,              0.0029908
                    356,               0.015276,              0.0091333,               0.034795,             0.00099523,                0.99504,                      1,                  0.995,                0.86388,                0.99504,                      1,                  0.995,                0.90336,              0.0098205,              0.0050814,               0.025684,              0.0009033,               0.002971,               0.002971,               0.002971
                    357,               0.014048,              0.0086108,               0.035624,             0.00099753,                0.99512,                      1,                  0.995,                0.89388,                0.99512,                      1,                  0.995,                0.92166,              0.0085341,              0.0048621,               0.025852,             0.00091932,              0.0029512,              0.0029512,              0.0029512
                    358,               0.014918,              0.0089513,               0.034858,              0.0010655,                0.99499,                      1,                  0.995,                0.94271,                0.99499,                      1,                  0.995,                0.92958,               0.014118,              0.0049699,               0.032196,             0.00089457,              0.0029314,              0.0029314,              0.0029314
                    359,               0.018448,              0.0087341,               0.039356,              0.0010192,                0.99515,                      1,                  0.995,                0.95774,                0.99515,                      1,                  0.995,                0.93276,               0.011294,              0.0049438,               0.028648,             0.00094056,              0.0029116,              0.0029116,              0.0029116
                    360,               0.014498,              0.0085819,               0.041671,             0.00098436,                0.99515,                      1,                  0.995,                0.95774,                0.99515,                      1,                  0.995,                0.93276,               0.011294,              0.0049438,               0.028648,             0.00094056,              0.0028918,              0.0028918,              0.0028918
                    361,               0.013813,              0.0087665,               0.040026,              0.0010089,                0.99516,                      1,                  0.995,                0.96218,                0.99516,                      1,                  0.995,                0.94325,              0.0083908,              0.0048445,               0.025356,             0.00095143,               0.002872,               0.002872,               0.002872
                    362,               0.014426,              0.0092409,               0.039961,              0.0010265,                0.99512,                      1,                  0.995,                0.89051,                0.99512,                      1,                  0.995,                0.94105,               0.012124,              0.0050613,               0.028717,             0.00096645,              0.0028522,              0.0028522,              0.0028522
                    363,               0.017433,               0.010218,               0.042191,             0.00096283,                0.99529,                      1,                  0.995,                0.90263,                0.99529,                      1,                  0.995,                0.91349,              0.0084209,              0.0049881,               0.024685,              0.0009867,              0.0028324,              0.0028324,              0.0028324
                    364,               0.014297,                0.00875,               0.031655,              0.0010542,                0.99529,                      1,                  0.995,                0.90263,                0.99529,                      1,                  0.995,                0.91349,              0.0084209,              0.0049881,               0.024685,              0.0009867,              0.0028126,              0.0028126,              0.0028126
                    365,               0.012657,               0.008774,               0.040746,             0.00092019,                0.99536,                      1,                  0.995,                0.93523,                0.99536,                      1,                  0.995,                0.93534,              0.0077609,              0.0049527,               0.024944,                  0.001,              0.0027928,              0.0027928,              0.0027928
                    366,               0.015502,              0.0091639,               0.033911,              0.0010825,                0.99537,                      1,                  0.995,                0.89607,                0.99537,                      1,                  0.995,                 0.9332,               0.015668,              0.0049945,               0.035046,             0.00094786,               0.002773,               0.002773,               0.002773
                    367,               0.020827,              0.0087013,               0.044556,              0.0009959,                0.99532,                      1,                  0.995,                0.93857,                0.99532,                      1,                  0.995,                 0.9451,               0.012668,              0.0049611,               0.031372,              0.0009872,              0.0027532,              0.0027532,              0.0027532
                    368,               0.015577,              0.0082666,               0.038202,             0.00092346,                0.99532,                      1,                  0.995,                0.93857,                0.99532,                      1,                  0.995,                 0.9451,               0.012668,              0.0049611,               0.031372,              0.0009872,              0.0027334,              0.0027334,              0.0027334
                    369,               0.015004,               0.008848,               0.039419,             0.00093738,                0.99532,                      1,                  0.995,                0.91415,                0.99532,                      1,                  0.995,                0.93718,               0.010599,              0.0048523,               0.028839,              0.0010115,              0.0027136,              0.0027136,              0.0027136
                    370,               0.015605,               0.009002,               0.037629,             0.00095601,                0.99535,                      1,                  0.995,                0.94525,                0.99535,                      1,                  0.995,                 0.9367,              0.0095942,              0.0050505,               0.026764,               0.001006,              0.0026938,              0.0026938,              0.0026938
                    371,                0.01646,              0.0087718,               0.034306,              0.0009256,                0.99528,                      1,                  0.995,                 0.8737,                0.99528,                      1,                  0.995,                0.94525,                0.00847,              0.0048166,               0.027149,              0.0010116,               0.002674,               0.002674,               0.002674
                    372,               0.014208,              0.0090047,               0.041599,             0.00096794,                0.99528,                      1,                  0.995,                 0.8737,                0.99528,                      1,                  0.995,                0.94525,                0.00847,              0.0048166,               0.027149,              0.0010116,              0.0026542,              0.0026542,              0.0026542
                    373,               0.013156,                0.00842,               0.031817,             0.00089685,                0.99533,                      1,                  0.995,                0.88292,                0.99533,                      1,                  0.995,                0.93173,               0.010955,              0.0047882,               0.029762,              0.0010089,              0.0026344,              0.0026344,              0.0026344
                    374,               0.014199,              0.0090828,               0.037035,             0.00092516,                0.99538,                      1,                  0.995,                0.94947,                0.99538,                      1,                  0.995,                0.93275,               0.010175,              0.0047009,               0.026903,             0.00095193,              0.0026146,              0.0026146,              0.0026146
                    375,               0.016583,              0.0080687,               0.038783,             0.00094787,                0.99534,                      1,                  0.995,                 0.9077,                0.99534,                      1,                  0.995,                0.94448,               0.012284,              0.0047834,               0.028479,             0.00089071,              0.0025948,              0.0025948,              0.0025948
                    376,               0.014372,              0.0085304,               0.036816,             0.00089878,                0.99534,                      1,                  0.995,                 0.9077,                0.99534,                      1,                  0.995,                0.94448,               0.012284,              0.0047834,               0.028479,             0.00089071,               0.002575,               0.002575,               0.002575
                    377,               0.011907,              0.0081475,               0.031842,             0.00084848,                0.99533,                      1,                  0.995,                0.94435,                0.99533,                      1,                  0.995,                0.93437,              0.0089417,              0.0048625,               0.023495,             0.00087218,              0.0025552,              0.0025552,              0.0025552
                    500,                0.99501,                      1,                  0.995,                0.96848,                0.99501,                      1,                  0.995,                0.95139,               0.010925,              0.0048287,               0.027802,              0.0012325
