               epoch,      train/box_loss,      train/obj_loss,      train/cls_loss,   metrics/precision,      metrics/recall,     metrics/mAP_0.5,metrics/mAP_0.5:0.95,        val/box_loss,        val/obj_loss,        val/cls_loss,               x/lr0,               x/lr1,               x/lr2
                   0,             0.11875,             0.10729,            0.039749,           0.0034091,            0.027778,           0.0019867,          0.00070851,             0.12685,            0.076637,            0.033929,              0.0982,              0.0002,              0.0002
                   1,             0.11733,             0.12548,            0.039516,            0.015116,             0.12037,            0.011895,           0.0027669,              0.1234,            0.080643,            0.033298,            0.095499,          0.00049901,          0.00049901
                   2,              0.1138,             0.12045,            0.037907,            0.022727,              0.2037,            0.023932,           0.0050175,             0.11577,            0.087906,            0.032272,            0.092797,          0.00079683,          0.00079683
                   3,             0.10672,             0.13618,             0.03723,            0.045541,             0.44444,            0.074128,             0.01703,             0.10264,            0.099495,            0.029947,            0.090093,           0.0010935,           0.0010935
                   4,             0.09884,             0.12864,            0.035213,            0.037271,             0.49074,             0.17844,            0.043417,              0.0842,              0.1132,            0.028065,            0.087389,           0.0013889,           0.0013889
                   5,            0.096572,             0.13595,            0.033064,             0.13674,             0.38889,             0.20262,            0.058508,             0.07879,             0.10823,            0.026706,            0.084683,           0.0016832,           0.0016832
                   6,             0.09388,              0.1528,            0.031527,             0.21847,              0.3018,             0.21981,            0.062793,             0.07965,            0.096649,            0.023927,            0.081976,           0.0019762,           0.0019762
                   7,            0.087686,             0.12057,            0.029338,             0.13315,             0.35185,             0.13643,            0.048999,            0.081662,            0.093979,            0.021066,            0.079268,           0.0022681,           0.0022681
                   8,            0.084671,             0.11363,            0.028867,             0.64242,             0.35185,             0.18864,            0.055598,            0.077515,             0.14357,            0.015253,            0.076559,           0.0025588,           0.0025588
                   9,            0.083048,             0.10433,            0.028634,             0.67112,             0.35185,             0.23665,            0.075703,            0.077673,             0.16391,            0.015816,            0.073848,           0.0028483,           0.0028483
                  10,            0.081534,             0.10862,            0.026384,             0.64256,             0.44444,             0.19994,            0.051706,            0.076062,             0.20045,            0.016257,            0.071137,           0.0031366,           0.0031366
                  11,            0.073108,            0.080496,             0.02598,              0.6623,              0.4537,              0.3632,             0.10734,            0.066105,              0.1604,            0.015578,            0.068424,           0.0034238,           0.0034238
                  12,            0.075759,            0.098122,            0.022273,             0.90131,             0.48148,             0.60647,             0.15729,            0.062105,             0.12033,            0.014314,             0.06571,           0.0037097,           0.0037097
                  13,            0.070902,            0.086888,            0.019841,             0.80082,                 0.5,             0.51041,             0.30807,            0.072366,             0.11935,             0.01379,            0.062994,           0.0039945,           0.0039945
                  14,            0.073443,             0.10517,            0.018638,             0.93055,             0.49074,             0.77422,             0.28599,            0.064726,             0.09584,            0.011783,            0.060278,            0.004278,            0.004278
                  15,            0.069286,            0.086741,            0.017168,             0.42147,                0.75,             0.76303,             0.17991,            0.069508,            0.091888,            0.011126,             0.05756,           0.0045604,           0.0045604
                  16,            0.074962,             0.07575,             0.01576,             0.16613,             0.66667,             0.20916,            0.071775,            0.081499,            0.077332,            0.010323,            0.054842,           0.0048416,           0.0048416
                  17,              0.0718,            0.096405,            0.015472,             0.31758,             0.83333,             0.69299,              0.2406,            0.064275,            0.071518,           0.0096428,            0.052122,           0.0051216,           0.0051216
                  18,            0.072913,            0.081309,             0.01476,             0.15267,             0.58333,             0.22296,             0.12047,            0.075732,            0.078751,            0.009272,              0.0494,           0.0054004,           0.0054004
                  19,            0.074542,            0.081059,            0.013625,             0.56343,             0.91667,              0.9254,             0.30097,            0.068242,            0.073875,           0.0081116,            0.046678,            0.005678,            0.005678
                  20,            0.070995,            0.080868,            0.011613,             0.60808,             0.58333,             0.70666,             0.32846,            0.065128,            0.074234,           0.0064613,            0.043954,           0.0059545,           0.0059545
                  21,            0.081143,            0.077378,            0.010571,             0.28917,                   1,             0.43681,             0.14586,             0.06886,            0.064713,           0.0057793,             0.04123,           0.0062297,           0.0062297
                  22,            0.071555,            0.086901,            0.010449,             0.35616,             0.48148,              0.6471,             0.25079,            0.070275,            0.071121,           0.0052929,            0.038504,           0.0065038,           0.0065038
                  23,            0.072653,            0.081805,            0.010187,             0.43218,             0.98148,             0.50646,             0.28587,            0.082348,            0.079235,           0.0047115,            0.035777,           0.0067767,           0.0067767
                  24,            0.082076,            0.071684,           0.0091618,             0.17413,             0.49074,             0.22273,            0.061989,            0.079314,            0.066429,           0.0039288,            0.033048,           0.0070484,           0.0070484
                  25,            0.084762,            0.072713,           0.0080981,             0.23256,                0.75,              0.3417,              0.0892,              0.0684,            0.058369,             0.00361,            0.030319,           0.0073188,           0.0073188
                  26,            0.075415,            0.070626,           0.0080381,             0.17208,             0.62037,             0.25818,            0.072801,            0.085669,            0.064915,            0.003039,            0.027588,           0.0075882,           0.0075882
                  27,            0.082579,            0.069373,           0.0065615,             0.24214,             0.44587,             0.37553,            0.092511,            0.077131,             0.05442,           0.0028954,            0.024856,           0.0078563,           0.0078563
                  28,            0.071554,            0.077038,           0.0070525,             0.24214,             0.44587,             0.37553,            0.092511,            0.077131,             0.05442,           0.0028954,            0.022123,           0.0081232,           0.0081232
                  29,            0.076255,            0.069428,           0.0060139,             0.39288,             0.59332,             0.61846,             0.29024,            0.066037,            0.062843,           0.0027151,            0.019389,            0.008389,            0.008389
                  30,            0.073009,            0.067046,           0.0055396,             0.60094,             0.58427,             0.73265,             0.27755,            0.066365,             0.06031,           0.0026825,            0.016654,           0.0086535,           0.0086535
                  31,            0.068109,            0.073409,           0.0057921,             0.14717,             0.38889,             0.29019,             0.10616,            0.075905,            0.075058,           0.0026854,            0.013917,           0.0089169,           0.0089169
                  32,            0.095838,            0.080588,           0.0056827,             0.14717,             0.38889,             0.29019,             0.10616,            0.075905,            0.075058,           0.0026854,            0.011179,           0.0091791,           0.0091791
                  33,            0.085423,            0.075523,           0.0054214,             0.52231,             0.65803,             0.68153,             0.23159,            0.073259,            0.053379,           0.0030653,           0.0093466,           0.0093466,           0.0093466
                  34,            0.078812,            0.066599,           0.0060287,              0.4301,             0.88889,              0.6706,             0.16262,            0.056856,            0.057262,           0.0033062,           0.0093466,           0.0093466,           0.0093466
                  35,            0.074559,            0.063164,           0.0059352,             0.57516,               0.896,              0.5929,             0.12879,             0.07519,            0.061825,           0.0028542,           0.0093268,           0.0093268,           0.0093268
                  36,            0.080254,            0.089047,           0.0051164,             0.57516,               0.896,              0.5929,             0.12879,             0.07519,            0.061825,           0.0028542,            0.009307,            0.009307,            0.009307
                  37,            0.072913,            0.066973,           0.0057587,             0.69567,             0.87037,             0.74681,             0.41772,            0.058289,            0.054306,           0.0028384,           0.0092872,           0.0092872,           0.0092872
                  38,            0.076436,             0.07188,           0.0060184,             0.46832,                 0.5,             0.56423,             0.30389,            0.071829,            0.075127,           0.0028284,           0.0092674,           0.0092674,           0.0092674
                  39,            0.079558,            0.074357,           0.0050713,                   1,             0.48156,             0.77556,             0.50054,            0.063396,            0.056141,           0.0032996,           0.0092476,           0.0092476,           0.0092476
                  40,            0.070619,            0.065903,           0.0056825,                   1,             0.48156,             0.77556,             0.50054,            0.063396,            0.056141,           0.0032996,           0.0092278,           0.0092278,           0.0092278
                  41,            0.067865,            0.056582,           0.0065189,             0.53268,             0.84259,             0.89318,             0.53045,            0.057348,            0.053589,           0.0034083,            0.009208,            0.009208,            0.009208
                  42,            0.066798,            0.067367,            0.005769,              0.6644,              0.9537,             0.88698,             0.36652,            0.065999,            0.063011,           0.0029346,           0.0091882,           0.0091882,           0.0091882
                  43,            0.074936,            0.069597,           0.0050537,             0.62292,             0.99074,             0.67451,             0.23638,            0.066072,            0.054562,           0.0030644,           0.0091684,           0.0091684,           0.0091684
                  44,            0.063621,            0.064957,           0.0052441,             0.62292,             0.99074,             0.67451,             0.23638,            0.066072,            0.054562,           0.0030644,           0.0091486,           0.0091486,           0.0091486
                  45,            0.062136,            0.084758,            0.005092,             0.60344,             0.82407,             0.64557,             0.26028,            0.055138,             0.06086,           0.0029975,           0.0091288,           0.0091288,           0.0091288
                  46,            0.066269,            0.071415,           0.0050565,             0.27034,             0.98148,             0.31335,             0.16424,            0.057764,            0.068233,           0.0026276,            0.009109,            0.009109,            0.009109
                  47,            0.074377,            0.067602,           0.0043264,             0.27279,             0.73148,             0.37105,             0.15354,            0.067056,            0.069954,           0.0026427,           0.0090892,           0.0090892,           0.0090892
                  48,            0.069693,             0.07616,           0.0042319,             0.27279,             0.73148,             0.37105,             0.15354,            0.067056,            0.069954,           0.0026427,           0.0090694,           0.0090694,           0.0090694
                  49,             0.06275,            0.070958,           0.0041319,             0.70382,             0.82343,             0.85517,             0.44583,            0.052019,            0.061813,           0.0027726,           0.0090496,           0.0090496,           0.0090496
                  50,            0.056733,            0.068665,           0.0047398,             0.54605,             0.94444,             0.75799,              0.3215,             0.04837,            0.058899,           0.0026852,           0.0090298,           0.0090298,           0.0090298
                  51,             0.05713,            0.062216,           0.0050709,             0.40371,             0.80556,             0.55693,              0.3149,            0.052064,            0.067909,           0.0024762,             0.00901,             0.00901,             0.00901
                  52,            0.057281,            0.074083,           0.0043461,             0.40371,             0.80556,             0.55693,              0.3149,            0.052064,            0.067909,           0.0024762,           0.0089902,           0.0089902,           0.0089902
                  53,            0.052274,             0.07589,            0.004434,             0.78291,             0.94829,             0.95868,             0.52825,            0.043018,            0.066612,           0.0025394,           0.0089704,           0.0089704,           0.0089704
                  54,            0.050944,            0.075065,            0.003981,             0.63384,             0.80556,             0.85531,             0.31809,            0.049527,            0.067146,           0.0026547,           0.0089506,           0.0089506,           0.0089506
                  55,            0.058874,            0.078887,           0.0053043,             0.79816,             0.92677,             0.89067,             0.68057,            0.037079,            0.056217,           0.0031978,           0.0089308,           0.0089308,           0.0089308
                  56,            0.042196,            0.080782,           0.0041679,             0.79816,             0.92677,             0.89067,             0.68057,            0.037079,            0.056217,           0.0031978,            0.008911,            0.008911,            0.008911
                  57,            0.041027,            0.059007,           0.0037891,             0.67097,             0.91617,             0.90033,             0.45465,            0.034706,            0.054813,           0.0030367,           0.0088912,           0.0088912,           0.0088912
                  58,            0.051781,            0.064734,           0.0043945,             0.32233,             0.91667,             0.48704,             0.14152,            0.059072,            0.063461,           0.0028007,           0.0088714,           0.0088714,           0.0088714
                  59,            0.067677,            0.067383,           0.0037196,             0.68948,              0.8388,             0.73335,              0.3712,            0.044927,            0.059902,           0.0031191,           0.0088516,           0.0088516,           0.0088516
                  60,            0.046818,            0.067292,           0.0038711,             0.68948,              0.8388,             0.73335,              0.3712,            0.044927,            0.059902,           0.0031191,           0.0088318,           0.0088318,           0.0088318
                  61,            0.040676,            0.065332,           0.0039223,             0.74619,             0.98148,             0.91245,             0.58257,            0.031973,            0.051273,            0.002716,            0.008812,            0.008812,            0.008812
                  62,            0.042933,            0.068672,           0.0038066,             0.71721,             0.78869,             0.91754,             0.67942,            0.045055,            0.067863,           0.0021106,           0.0087922,           0.0087922,           0.0087922
                  63,            0.048819,            0.076407,           0.0030224,             0.60448,             0.99089,             0.97579,             0.48962,            0.037057,            0.058407,           0.0020737,           0.0087724,           0.0087724,           0.0087724
                  64,            0.042474,            0.055091,           0.0033194,             0.60448,             0.99089,             0.97579,             0.48962,            0.037057,            0.058407,           0.0020737,           0.0087526,           0.0087526,           0.0087526
                  65,            0.044866,            0.061661,           0.0032289,             0.52111,                   1,             0.88485,             0.57905,            0.040198,            0.055748,           0.0020419,           0.0087328,           0.0087328,           0.0087328
                  66,            0.046326,            0.067153,           0.0035514,             0.47849,             0.99074,             0.63599,             0.33303,            0.051827,            0.061531,           0.0018382,            0.008713,            0.008713,            0.008713
                  67,            0.053915,            0.066298,           0.0042933,             0.51697,                   1,             0.85987,             0.43538,            0.032004,            0.050682,           0.0019125,           0.0086932,           0.0086932,           0.0086932
                  68,            0.051449,            0.074614,           0.0033984,             0.51697,                   1,             0.85987,             0.43538,            0.032004,            0.050682,           0.0019125,           0.0086734,           0.0086734,           0.0086734
                  69,            0.044401,            0.055987,           0.0031421,             0.74426,             0.91667,             0.94883,              0.6149,            0.032914,             0.05225,           0.0016847,           0.0086536,           0.0086536,           0.0086536
                  70,            0.044049,            0.050977,           0.0032599,             0.98819,             0.97992,               0.995,             0.57847,            0.045605,            0.063545,            0.001792,           0.0086338,           0.0086338,           0.0086338
                  71,            0.051109,            0.067047,           0.0033219,             0.74661,                   1,              0.9766,             0.45327,            0.048941,            0.061241,           0.0018578,            0.008614,            0.008614,            0.008614
                  72,            0.047147,            0.063767,           0.0032032,             0.74661,                   1,              0.9766,             0.45327,            0.048941,            0.061241,           0.0018578,           0.0085942,           0.0085942,           0.0085942
                  73,            0.047208,            0.069248,           0.0029222,             0.76882,                   1,             0.94667,             0.62825,            0.039127,            0.048958,           0.0021014,           0.0085744,           0.0085744,           0.0085744
                  74,            0.048418,             0.05461,           0.0032617,             0.53173,             0.98148,             0.79969,             0.32122,            0.046027,            0.059456,           0.0022061,           0.0085546,           0.0085546,           0.0085546
                  75,            0.055967,            0.067738,           0.0037173,             0.57458,                   1,             0.71706,             0.39339,            0.040019,            0.050968,           0.0024519,           0.0085348,           0.0085348,           0.0085348
                  76,            0.044533,            0.072543,           0.0035777,             0.57458,                   1,             0.71706,             0.39339,            0.040019,            0.050968,           0.0024519,            0.008515,            0.008515,            0.008515
                  77,            0.038398,            0.062467,           0.0035701,             0.75103,                   1,             0.93571,              0.4979,            0.030662,            0.050156,           0.0026233,           0.0084952,           0.0084952,           0.0084952
                  78,            0.037354,            0.070222,           0.0036935,             0.79047,             0.91048,             0.96653,             0.62363,            0.035792,             0.05706,            0.002401,           0.0084754,           0.0084754,           0.0084754
                  79,            0.044057,            0.060202,           0.0037632,             0.77801,                   1,               0.995,             0.63741,            0.029895,             0.04937,           0.0025764,           0.0084556,           0.0084556,           0.0084556
                  80,            0.038392,            0.071789,           0.0029137,             0.77801,                   1,               0.995,             0.63741,            0.029895,             0.04937,           0.0025764,           0.0084358,           0.0084358,           0.0084358
                  81,            0.042311,            0.069598,           0.0028448,             0.82712,                   1,             0.93571,             0.60553,            0.029235,            0.040531,           0.0025869,            0.008416,            0.008416,            0.008416
                  82,             0.04827,            0.060522,           0.0030122,             0.58965,                   1,             0.99473,             0.33496,            0.048972,            0.057312,           0.0023352,           0.0083962,           0.0083962,           0.0083962
                  83,             0.05808,            0.066795,           0.0034779,             0.42171,             0.91667,             0.77561,             0.36187,            0.039497,            0.054169,           0.0025532,           0.0083764,           0.0083764,           0.0083764
                  84,            0.048142,            0.063033,           0.0036331,             0.42171,             0.91667,             0.77561,             0.36187,            0.039497,            0.054169,           0.0025532,           0.0083566,           0.0083566,           0.0083566
                  85,             0.03785,            0.070647,           0.0034432,             0.69775,              0.9481,              0.9592,             0.56019,             0.02865,            0.047565,           0.0027678,           0.0083368,           0.0083368,           0.0083368
                  86,            0.036786,            0.071554,           0.0033824,             0.67838,             0.99074,             0.98198,             0.54623,            0.028981,            0.046631,           0.0028041,            0.008317,            0.008317,            0.008317
                  87,            0.045428,             0.07609,           0.0030474,             0.91992,                   1,               0.995,              0.7317,            0.024416,            0.049267,           0.0027632,           0.0082972,           0.0082972,           0.0082972
                  88,            0.037629,             0.05895,           0.0035185,             0.91992,                   1,               0.995,              0.7317,            0.024416,            0.049267,           0.0027632,           0.0082774,           0.0082774,           0.0082774
                  89,            0.034414,            0.062374,           0.0035728,             0.90336,                   1,             0.95929,                0.68,            0.021172,            0.042961,            0.002714,           0.0082576,           0.0082576,           0.0082576
                  90,            0.035694,            0.058219,           0.0035039,             0.52215,                   1,             0.88521,             0.49347,            0.039582,            0.060806,           0.0024685,           0.0082378,           0.0082378,           0.0082378
                  91,            0.042869,             0.07997,           0.0034215,             0.97272,                   1,               0.995,             0.75857,            0.029383,            0.051498,           0.0023157,            0.008218,            0.008218,            0.008218
                  92,            0.035999,            0.056771,           0.0033036,             0.97272,                   1,               0.995,             0.75857,            0.029383,            0.051498,           0.0023157,           0.0081982,           0.0081982,           0.0081982
                  93,              0.0296,            0.061522,           0.0034957,              0.9763,                   1,               0.995,             0.80626,            0.022133,             0.04097,           0.0021784,           0.0081784,           0.0081784,           0.0081784
                  94,             0.03788,            0.066911,           0.0027591,             0.70738,             0.99074,             0.74591,             0.42954,            0.046683,            0.052979,           0.0021383,           0.0081586,           0.0081586,           0.0081586
                  95,            0.053426,            0.067059,           0.0029821,             0.99214,                   1,               0.995,             0.73985,            0.024254,            0.044159,            0.002284,           0.0081388,           0.0081388,           0.0081388
                  96,            0.036161,            0.058112,           0.0030849,             0.99214,                   1,               0.995,             0.73985,            0.024254,            0.044159,            0.002284,            0.008119,            0.008119,            0.008119
                  97,            0.034298,            0.066247,           0.0032217,             0.98322,                   1,               0.995,             0.81961,            0.027772,            0.044895,           0.0022937,           0.0080992,           0.0080992,           0.0080992
                  98,            0.034758,            0.058282,           0.0035618,             0.93286,             0.99284,               0.995,             0.62485,            0.032121,            0.045544,           0.0020762,           0.0080794,           0.0080794,           0.0080794
                  99,             0.03992,            0.065954,           0.0028713,             0.99108,                   1,               0.995,             0.78435,            0.026996,            0.043449,           0.0021303,           0.0080596,           0.0080596,           0.0080596
                 100,            0.035538,            0.058404,           0.0028055,             0.99108,                   1,               0.995,             0.78435,            0.026996,            0.043449,           0.0021303,           0.0080398,           0.0080398,           0.0080398
                 101,            0.031948,            0.053466,           0.0027435,             0.97352,                   1,               0.995,             0.81358,            0.022485,            0.039993,           0.0019987,             0.00802,             0.00802,             0.00802
                 102,            0.033116,            0.059923,           0.0026516,             0.68096,                   1,             0.99391,             0.61391,            0.038524,              0.0569,            0.001815,           0.0080002,           0.0080002,           0.0080002
                 103,            0.041766,            0.051985,           0.0027813,              0.7665,                   1,               0.995,             0.70362,            0.030358,            0.044704,           0.0020679,           0.0079804,           0.0079804,           0.0079804
                 104,            0.035303,            0.061116,           0.0027194,              0.7665,                   1,               0.995,             0.70362,            0.030358,            0.044704,           0.0020679,           0.0079606,           0.0079606,           0.0079606
                 105,            0.028742,            0.060817,            0.002704,             0.94963,                   1,               0.995,             0.74881,            0.020617,            0.040028,           0.0021023,           0.0079408,           0.0079408,           0.0079408
                 106,            0.029638,            0.058836,           0.0026636,             0.96971,                   1,               0.995,             0.65956,            0.026984,             0.04937,           0.0019559,            0.007921,            0.007921,            0.007921
                 107,            0.035222,            0.056809,           0.0027353,             0.96611,                   1,               0.995,             0.74047,            0.024431,            0.052284,           0.0020185,           0.0079012,           0.0079012,           0.0079012
                 108,            0.035441,            0.057798,            0.002355,             0.96611,                   1,               0.995,             0.74047,            0.024431,            0.052284,           0.0020185,           0.0078814,           0.0078814,           0.0078814
                 109,            0.027698,             0.04756,           0.0025481,               0.995,                   1,               0.995,             0.82751,            0.018335,            0.039631,           0.0020187,           0.0078616,           0.0078616,           0.0078616
                 110,            0.033152,            0.065339,           0.0023877,              0.6336,                   1,              0.9932,             0.51864,            0.033803,            0.055183,           0.0019263,           0.0078418,           0.0078418,           0.0078418
                 111,            0.053051,             0.08394,           0.0021221,             0.91119,                   1,               0.995,              0.6569,            0.025994,            0.041355,           0.0019953,            0.007822,            0.007822,            0.007822
                 112,            0.032128,            0.062178,           0.0030538,             0.91119,                   1,               0.995,              0.6569,            0.025994,            0.041355,           0.0019953,           0.0078022,           0.0078022,           0.0078022
                 113,            0.028301,            0.060187,            0.002676,              0.9931,                   1,               0.995,             0.74873,            0.020467,            0.037842,           0.0020571,           0.0077824,           0.0077824,           0.0077824
                 114,            0.029542,            0.059006,           0.0026249,               0.975,                   1,               0.995,             0.74354,            0.029627,            0.054581,           0.0018498,           0.0077626,           0.0077626,           0.0077626
                 115,            0.036409,            0.055848,           0.0025616,             0.94179,                   1,               0.995,             0.59669,            0.025559,            0.046455,           0.0020023,           0.0077428,           0.0077428,           0.0077428
                 116,            0.034436,            0.059203,           0.0026547,             0.94179,                   1,               0.995,             0.59669,            0.025559,            0.046455,           0.0020023,            0.007723,            0.007723,            0.007723
                 117,            0.028444,            0.055362,           0.0025976,             0.99246,                   1,               0.995,             0.78843,            0.017547,            0.038807,           0.0021003,           0.0077032,           0.0077032,           0.0077032
                 118,            0.032325,            0.066886,           0.0027847,             0.56183,                   1,             0.96501,             0.47644,              0.0362,            0.053841,           0.0021029,           0.0076834,           0.0076834,           0.0076834
                 119,            0.045195,            0.059791,           0.0025244,              0.9946,                   1,               0.995,             0.76097,             0.02067,            0.038078,           0.0022725,           0.0076636,           0.0076636,           0.0076636
                 120,            0.027976,            0.046178,           0.0027192,              0.9946,                   1,               0.995,             0.76097,             0.02067,            0.038078,           0.0022725,           0.0076438,           0.0076438,           0.0076438
                 121,             0.02515,            0.056644,           0.0026579,             0.87311,                   1,             0.98357,             0.74039,            0.017761,            0.036316,           0.0023091,            0.007624,            0.007624,            0.007624
                 122,            0.028128,            0.053049,           0.0024522,             0.97134,                   1,               0.995,              0.6913,            0.025675,            0.046738,           0.0020259,           0.0076042,           0.0076042,           0.0076042
                 123,             0.03685,            0.065533,            0.002576,             0.98827,                   1,               0.995,             0.75943,            0.022609,            0.047363,           0.0019529,           0.0075844,           0.0075844,           0.0075844
                 124,            0.028645,            0.062246,           0.0028559,             0.98827,                   1,               0.995,             0.75943,            0.022609,            0.047363,           0.0019529,           0.0075646,           0.0075646,           0.0075646
                 125,            0.025022,            0.048753,            0.002579,             0.98929,                   1,               0.995,             0.81259,            0.018305,            0.041016,           0.0019278,           0.0075448,           0.0075448,           0.0075448
                 126,            0.027667,            0.051388,           0.0025086,             0.93607,                   1,               0.995,             0.62986,            0.027429,            0.050159,           0.0018828,            0.007525,            0.007525,            0.007525
                 127,            0.034875,            0.060564,           0.0022337,             0.80532,                   1,             0.99491,             0.77424,            0.023914,               0.041,           0.0018797,           0.0075052,           0.0075052,           0.0075052
                 128,            0.029595,            0.059004,             0.00237,             0.80532,                   1,             0.99491,             0.77424,            0.023914,               0.041,           0.0018797,           0.0074854,           0.0074854,           0.0074854
                 129,            0.025565,            0.053679,           0.0021792,             0.99447,                   1,               0.995,             0.78204,            0.015869,            0.034279,           0.0019215,           0.0074656,           0.0074656,           0.0074656
                 130,            0.028011,            0.055316,           0.0022071,             0.68299,                   1,             0.99482,             0.49584,            0.037713,             0.04958,           0.0017764,           0.0074458,           0.0074458,           0.0074458
                 131,            0.039635,            0.060329,           0.0021316,             0.99416,                   1,               0.995,             0.81696,            0.023147,            0.040253,            0.001874,            0.007426,            0.007426,            0.007426
                 132,            0.026145,            0.060027,            0.002109,             0.99416,                   1,               0.995,             0.81696,            0.023147,            0.040253,            0.001874,           0.0074062,           0.0074062,           0.0074062
                 133,            0.023484,             0.05878,           0.0023308,             0.99473,                   1,               0.995,             0.85843,            0.016936,            0.036522,           0.0018714,           0.0073864,           0.0073864,           0.0073864
                 134,            0.027775,            0.055928,           0.0020771,             0.77975,                   1,             0.99418,             0.62222,            0.025451,            0.046326,           0.0018801,           0.0073666,           0.0073666,           0.0073666
                 135,            0.040137,            0.068126,           0.0020862,             0.95106,                   1,               0.995,             0.77047,            0.020402,            0.040184,           0.0019043,           0.0073468,           0.0073468,           0.0073468
                 136,            0.027368,             0.05189,           0.0022188,             0.95106,                   1,               0.995,             0.77047,            0.020402,            0.040184,           0.0019043,            0.007327,            0.007327,            0.007327
                 137,            0.025715,             0.04695,           0.0024364,             0.98912,                   1,               0.995,             0.89374,            0.019572,            0.038643,           0.0019135,           0.0073072,           0.0073072,           0.0073072
                 138,            0.028859,            0.056873,           0.0022098,             0.73363,                   1,               0.995,             0.55906,            0.030196,            0.044296,           0.0017821,           0.0072874,           0.0072874,           0.0072874
                 139,             0.03659,            0.050457,           0.0022691,             0.98885,                   1,               0.995,              0.6671,            0.026972,            0.043251,           0.0018823,           0.0072676,           0.0072676,           0.0072676
                 140,            0.029942,            0.046558,           0.0026371,             0.98885,                   1,               0.995,              0.6671,            0.026972,            0.043251,           0.0018823,           0.0072478,           0.0072478,           0.0072478
                 141,            0.026269,            0.051936,           0.0023163,             0.99442,                   1,               0.995,             0.80939,            0.019354,            0.035406,           0.0020142,            0.007228,            0.007228,            0.007228
                 142,            0.027123,            0.049938,           0.0026852,             0.93439,                   1,               0.995,             0.71354,            0.026197,            0.049355,           0.0020222,           0.0072082,           0.0072082,           0.0072082
                 143,            0.031499,            0.051623,           0.0025962,              0.9901,                   1,               0.995,             0.80059,            0.018543,            0.038872,           0.0021687,           0.0071884,           0.0071884,           0.0071884
                 144,            0.027112,             0.05674,           0.0024384,              0.9901,                   1,               0.995,             0.80059,            0.018543,            0.038872,           0.0021687,           0.0071686,           0.0071686,           0.0071686
                 145,            0.021612,            0.054814,              0.0024,             0.99364,                   1,               0.995,             0.82137,            0.015326,            0.034595,           0.0021183,           0.0071488,           0.0071488,           0.0071488
                 146,            0.024352,            0.054025,           0.0021596,             0.99345,                   1,               0.995,             0.67463,            0.022856,            0.036602,           0.0020734,            0.007129,            0.007129,            0.007129
                 147,            0.030734,            0.056964,           0.0020126,             0.99203,                   1,               0.995,             0.79668,            0.021386,            0.038891,           0.0021372,           0.0071092,           0.0071092,           0.0071092
                 148,            0.027017,            0.060933,           0.0020329,             0.99203,                   1,               0.995,             0.79668,            0.021386,            0.038891,           0.0021372,           0.0070894,           0.0070894,           0.0070894
                 149,            0.022692,            0.050119,           0.0024673,             0.99414,                   1,               0.995,             0.80688,            0.015169,            0.034843,           0.0020499,           0.0070696,           0.0070696,           0.0070696
                 150,            0.023911,            0.046824,           0.0022442,             0.95806,                   1,               0.995,               0.698,            0.025404,            0.045738,            0.002033,           0.0070498,           0.0070498,           0.0070498
                 151,            0.030712,            0.064246,            0.001843,               0.995,                   1,               0.995,             0.74904,            0.021327,            0.038601,           0.0019858,             0.00703,             0.00703,             0.00703
                 152,            0.028108,            0.047366,           0.0019703,               0.995,                   1,               0.995,             0.74904,            0.021327,            0.038601,           0.0019858,           0.0070102,           0.0070102,           0.0070102
                 153,            0.021225,            0.042365,           0.0021294,             0.99506,                   1,               0.995,             0.87549,            0.012996,            0.035107,           0.0020402,           0.0069904,           0.0069904,           0.0069904
                 154,            0.025088,            0.049623,           0.0021029,              0.8636,                   1,               0.995,             0.70242,            0.021789,            0.036522,           0.0020737,           0.0069706,           0.0069706,           0.0069706
                 155,             0.03324,            0.055221,           0.0019249,             0.98765,                   1,               0.995,             0.77195,            0.023144,            0.045506,           0.0019987,           0.0069508,           0.0069508,           0.0069508
                 156,            0.025804,            0.043868,           0.0023746,             0.98765,                   1,               0.995,             0.77195,            0.023144,            0.045506,           0.0019987,            0.006931,            0.006931,            0.006931
                 157,            0.026042,            0.059487,           0.0019278,             0.99227,                   1,               0.995,             0.79467,            0.018936,            0.037045,           0.0020439,           0.0069112,           0.0069112,           0.0069112
                 158,            0.026976,            0.044915,           0.0021932,              0.9944,                   1,               0.995,             0.79531,            0.023213,             0.04332,           0.0019858,           0.0068914,           0.0068914,           0.0068914
                 159,            0.034065,            0.052915,           0.0021621,             0.99473,                   1,               0.995,             0.76122,            0.015601,            0.033199,           0.0020542,           0.0068716,           0.0068716,           0.0068716
                 160,            0.026383,            0.045128,           0.0022616,             0.99473,                   1,               0.995,             0.76122,            0.015601,            0.033199,           0.0020542,           0.0068518,           0.0068518,           0.0068518
                 161,            0.024283,            0.040616,           0.0021612,             0.99473,                   1,               0.995,             0.85783,            0.016083,            0.033966,           0.0019126,            0.006832,            0.006832,            0.006832
                 162,            0.023942,             0.05123,           0.0021847,             0.96927,                   1,               0.995,             0.76492,            0.021516,            0.040146,           0.0017807,           0.0068122,           0.0068122,           0.0068122
                 163,            0.027471,               0.053,           0.0018026,             0.92507,                   1,               0.995,              0.7278,            0.021927,            0.034996,           0.0018567,           0.0067924,           0.0067924,           0.0067924
                 164,            0.028852,            0.053015,           0.0022247,             0.92507,                   1,               0.995,              0.7278,            0.021927,            0.034996,           0.0018567,           0.0067726,           0.0067726,           0.0067726
                 165,            0.026374,            0.044968,           0.0019973,             0.99431,                   1,               0.995,             0.73069,            0.020243,            0.034046,           0.0018291,           0.0067528,           0.0067528,           0.0067528
                 166,            0.029181,            0.052797,           0.0021884,             0.99387,                   1,               0.995,             0.74167,            0.032368,            0.046532,           0.0019569,            0.006733,            0.006733,            0.006733
                 167,            0.034452,            0.051152,           0.0023313,             0.99416,                   1,               0.995,             0.84888,            0.016618,            0.033951,           0.0020393,           0.0067132,           0.0067132,           0.0067132
                 168,            0.024839,            0.053958,           0.0020775,             0.99416,                   1,               0.995,             0.84888,            0.016618,            0.033951,           0.0020393,           0.0066934,           0.0066934,           0.0066934
                 169,            0.021459,            0.061364,           0.0024044,              0.9939,                   1,               0.995,             0.83409,            0.015417,            0.034237,           0.0020322,           0.0066736,           0.0066736,           0.0066736
                 170,            0.023749,            0.055126,           0.0022806,             0.75724,                   1,               0.995,             0.79051,            0.023899,            0.037827,           0.0018537,           0.0066538,           0.0066538,           0.0066538
                 171,            0.028253,            0.046428,           0.0021148,             0.99399,                   1,               0.995,             0.84079,            0.018212,            0.033024,             0.00187,            0.006634,            0.006634,            0.006634
                 172,            0.028104,            0.052607,           0.0020701,             0.99399,                   1,               0.995,             0.84079,            0.018212,            0.033024,             0.00187,           0.0066142,           0.0066142,           0.0066142
                 173,            0.023181,            0.045016,           0.0019787,             0.99401,                   1,               0.995,             0.82412,            0.017892,            0.033442,           0.0017169,           0.0065944,           0.0065944,           0.0065944
                 174,            0.022462,            0.043091,           0.0019293,             0.99434,                   1,               0.995,             0.84546,            0.017618,            0.035694,           0.0017462,           0.0065746,           0.0065746,           0.0065746
                 175,            0.026042,            0.043683,           0.0020262,             0.99425,                   1,               0.995,             0.77883,            0.018775,            0.038483,           0.0016036,           0.0065548,           0.0065548,           0.0065548
                 176,            0.024702,            0.051765,           0.0019956,             0.99425,                   1,               0.995,             0.77883,            0.018775,            0.038483,           0.0016036,            0.006535,            0.006535,            0.006535
                 177,            0.023311,            0.047301,           0.0020324,             0.99428,                   1,               0.995,             0.77116,            0.016921,            0.034355,           0.0016172,           0.0065152,           0.0065152,           0.0065152
                 178,            0.025145,             0.05275,           0.0017292,             0.77195,                   1,             0.99491,             0.75457,            0.027781,            0.044054,           0.0016176,           0.0064954,           0.0064954,           0.0064954
                 179,             0.03137,            0.049783,           0.0028091,             0.95855,                   1,               0.995,             0.65444,            0.024799,            0.040241,           0.0017178,           0.0064756,           0.0064756,           0.0064756
                 180,            0.028598,            0.048291,           0.0020694,             0.95855,                   1,               0.995,             0.65444,            0.024799,            0.040241,           0.0017178,           0.0064558,           0.0064558,           0.0064558
                 181,            0.025928,            0.050368,           0.0021445,             0.99429,                   1,               0.995,             0.76145,            0.017637,            0.032246,           0.0017107,            0.006436,            0.006436,            0.006436
                 182,            0.026577,            0.052455,           0.0020394,             0.90695,                   1,               0.995,             0.83858,            0.019657,            0.034927,             0.00169,           0.0064162,           0.0064162,           0.0064162
                 183,             0.02847,            0.054867,           0.0020394,             0.99403,                   1,               0.995,             0.83133,            0.018091,            0.035896,           0.0016241,           0.0063964,           0.0063964,           0.0063964
                 184,            0.023958,            0.046714,           0.0021534,             0.99403,                   1,               0.995,             0.83133,            0.018091,            0.035896,           0.0016241,           0.0063766,           0.0063766,           0.0063766
                 185,            0.023421,            0.044504,           0.0020188,             0.99399,                   1,               0.995,              0.9146,            0.016108,            0.033037,           0.0016421,           0.0063568,           0.0063568,           0.0063568
                 186,            0.022888,            0.045864,           0.0020884,             0.81804,                   1,               0.995,             0.70176,            0.022792,            0.037617,           0.0016085,            0.006337,            0.006337,            0.006337
                 187,             0.02697,             0.04609,           0.0021267,              0.9947,                   1,               0.995,              0.8372,            0.017817,            0.036819,           0.0017673,           0.0063172,           0.0063172,           0.0063172
                 188,            0.023157,            0.050201,           0.0019961,              0.9947,                   1,               0.995,              0.8372,            0.017817,            0.036819,           0.0017673,           0.0062974,           0.0062974,           0.0062974
                 189,            0.020246,            0.043508,           0.0020088,             0.99476,                   1,               0.995,             0.88857,            0.015029,            0.033432,           0.0018129,           0.0062776,           0.0062776,           0.0062776
                 190,            0.019781,            0.043706,           0.0021279,             0.99427,                   1,               0.995,             0.76028,            0.019146,            0.038967,           0.0017836,           0.0062578,           0.0062578,           0.0062578
                 191,            0.027687,            0.062005,            0.001848,             0.99442,                   1,               0.995,             0.91463,            0.011144,            0.029583,           0.0018039,            0.006238,            0.006238,            0.006238
                 192,            0.018055,            0.058058,           0.0019136,             0.99442,                   1,               0.995,             0.91463,            0.011144,            0.029583,           0.0018039,           0.0062182,           0.0062182,           0.0062182
                 193,            0.017418,            0.039394,           0.0019576,             0.99464,                   1,               0.995,             0.90233,            0.012028,            0.029259,            0.001783,           0.0061984,           0.0061984,           0.0061984
                 194,            0.021365,            0.046302,           0.0017745,             0.94598,                   1,               0.995,             0.67415,            0.021285,            0.042099,           0.0016811,           0.0061786,           0.0061786,           0.0061786
                 195,            0.033237,            0.054683,           0.0017033,              0.9948,                   1,               0.995,             0.80768,            0.014927,            0.032024,           0.0016488,           0.0061588,           0.0061588,           0.0061588
                 196,            0.021812,            0.049912,           0.0017363,              0.9948,                   1,               0.995,             0.80768,            0.014927,            0.032024,           0.0016488,            0.006139,            0.006139,            0.006139
                 197,            0.017894,            0.043193,           0.0017404,             0.99487,                   1,               0.995,             0.88651,            0.010911,            0.028687,           0.0016248,           0.0061192,           0.0061192,           0.0061192
                 198,            0.019266,             0.04599,           0.0018576,             0.99442,                   1,               0.995,              0.7013,            0.018863,            0.038864,           0.0015823,           0.0060994,           0.0060994,           0.0060994
                 199,             0.02553,            0.051907,           0.0019206,             0.99216,                   1,               0.995,             0.84643,            0.018972,            0.037479,           0.0016212,           0.0060796,           0.0060796,           0.0060796
                 200,            0.023754,             0.04615,           0.0016928,             0.99216,                   1,               0.995,             0.84643,            0.018972,            0.037479,           0.0016212,           0.0060598,           0.0060598,           0.0060598
                 201,            0.022064,            0.050174,           0.0017067,             0.99336,                   1,               0.995,             0.80982,            0.019485,            0.039642,           0.0016537,             0.00604,             0.00604,             0.00604
                 202,            0.024644,            0.051914,           0.0015821,             0.99482,                   1,               0.995,             0.79852,             0.02223,            0.036682,            0.001595,           0.0060202,           0.0060202,           0.0060202
                 203,            0.032114,            0.065356,           0.0016937,             0.99466,                   1,               0.995,             0.86747,            0.015023,            0.030542,           0.0016389,           0.0060004,           0.0060004,           0.0060004
                 204,            0.018261,            0.043863,           0.0017575,             0.99466,                   1,               0.995,             0.86747,            0.015023,            0.030542,           0.0016389,           0.0059806,           0.0059806,           0.0059806
                 205,            0.016052,            0.048016,           0.0018449,             0.99443,                   1,               0.995,             0.93734,            0.011625,            0.029142,           0.0015927,           0.0059608,           0.0059608,           0.0059608
                 206,            0.019137,            0.052305,           0.0018313,             0.99463,                   1,               0.995,             0.82787,            0.018594,            0.035053,            0.001449,            0.005941,            0.005941,            0.005941
                 207,            0.021391,            0.046028,           0.0015848,             0.99481,                   1,               0.995,             0.87362,            0.016049,            0.034866,           0.0013956,           0.0059212,           0.0059212,           0.0059212
                 208,            0.022692,            0.049777,           0.0015302,             0.99481,                   1,               0.995,             0.87362,            0.016049,            0.034866,           0.0013956,           0.0059014,           0.0059014,           0.0059014
                 209,             0.02146,            0.056772,           0.0014576,             0.99486,                   1,               0.995,             0.84412,            0.013679,            0.032822,            0.001348,           0.0058816,           0.0058816,           0.0058816
                 210,            0.022508,            0.049292,           0.0015502,             0.99479,                   1,               0.995,             0.83256,            0.019095,            0.036804,           0.0013031,           0.0058618,           0.0058618,           0.0058618
                 211,            0.026468,             0.04545,           0.0017007,             0.99499,                   1,               0.995,             0.79638,            0.016125,            0.030361,           0.0013247,            0.005842,            0.005842,            0.005842
                 212,            0.022201,            0.043083,           0.0016461,             0.99499,                   1,               0.995,             0.79638,            0.016125,            0.030361,           0.0013247,           0.0058222,           0.0058222,           0.0058222
                 213,            0.026215,            0.044325,           0.0016274,             0.94077,                   1,               0.995,             0.75516,            0.019294,            0.034134,           0.0013561,           0.0058024,           0.0058024,           0.0058024
                 214,            0.026451,            0.050302,           0.0015866,             0.99434,                   1,               0.995,             0.71367,            0.022502,            0.037767,           0.0012925,           0.0057826,           0.0057826,           0.0057826
                 215,            0.028245,             0.05099,           0.0015626,             0.99416,                   1,               0.995,             0.86869,             0.01568,            0.032524,           0.0014328,           0.0057628,           0.0057628,           0.0057628
                 216,            0.026121,            0.045948,           0.0016781,             0.99416,                   1,               0.995,             0.86869,             0.01568,            0.032524,           0.0014328,            0.005743,            0.005743,            0.005743
                 217,            0.022134,            0.043233,           0.0018127,             0.99413,                   1,               0.995,              0.8474,            0.013722,            0.030712,           0.0014026,           0.0057232,           0.0057232,           0.0057232
                 218,            0.024976,            0.047032,           0.0017144,             0.99442,                   1,               0.995,             0.74628,             0.02573,            0.040051,           0.0014746,           0.0057034,           0.0057034,           0.0057034
                 219,            0.033216,            0.052929,            0.001551,             0.99436,                   1,               0.995,              0.8438,            0.015228,            0.033819,           0.0015249,           0.0056836,           0.0056836,           0.0056836
                 220,            0.019862,            0.048784,           0.0015913,             0.99436,                   1,               0.995,              0.8438,            0.015228,            0.033819,           0.0015249,           0.0056638,           0.0056638,           0.0056638
                 221,            0.018464,            0.041562,           0.0016573,             0.99455,                   1,               0.995,             0.89364,            0.012472,            0.029396,           0.0015196,            0.005644,            0.005644,            0.005644
                 222,            0.020962,            0.052914,           0.0015267,             0.99015,                   1,               0.995,             0.80486,            0.022475,            0.043549,           0.0015392,           0.0056242,           0.0056242,           0.0056242
                 223,             0.02794,            0.046025,            0.001603,             0.99475,                   1,               0.995,             0.77238,            0.017992,             0.03241,           0.0015781,           0.0056044,           0.0056044,           0.0056044
                 224,            0.023409,            0.045017,           0.0015671,             0.99475,                   1,               0.995,             0.77238,            0.017992,             0.03241,           0.0015781,           0.0055846,           0.0055846,           0.0055846
                 225,            0.018735,            0.042272,           0.0016463,             0.99465,                   1,               0.995,             0.90163,            0.014663,            0.032246,           0.0016352,           0.0055648,           0.0055648,           0.0055648
                 226,            0.018128,            0.041765,           0.0015285,             0.99519,                   1,               0.995,             0.88913,             0.01493,            0.032112,           0.0015535,            0.005545,            0.005545,            0.005545
                 227,            0.021842,            0.043539,           0.0014578,             0.99455,                   1,               0.995,             0.78612,            0.016362,            0.033031,           0.0015165,           0.0055252,           0.0055252,           0.0055252
                 228,            0.022365,            0.049299,           0.0015018,             0.99455,                   1,               0.995,             0.78612,            0.016362,            0.033031,           0.0015165,           0.0055054,           0.0055054,           0.0055054
                 229,            0.019126,            0.046028,           0.0015362,              0.9948,                   1,               0.995,             0.82784,            0.011278,            0.027884,            0.001501,           0.0054856,           0.0054856,           0.0054856
                 230,            0.022882,            0.057267,           0.0014978,              0.9924,                   1,               0.995,             0.83939,            0.019021,            0.035862,           0.0014673,           0.0054658,           0.0054658,           0.0054658
                 231,            0.028387,            0.043695,           0.0015144,             0.99439,                   1,               0.995,             0.87053,            0.016468,             0.02911,           0.0014955,            0.005446,            0.005446,            0.005446
                 232,            0.019853,            0.047021,           0.0014865,             0.99439,                   1,               0.995,             0.87053,            0.016468,             0.02911,           0.0014955,           0.0054262,           0.0054262,           0.0054262
                 233,            0.018325,            0.046395,            0.001438,             0.99449,                   1,               0.995,             0.93314,            0.012321,             0.02977,           0.0014721,           0.0054064,           0.0054064,           0.0054064
                 234,            0.020136,            0.044405,            0.001413,             0.99465,                   1,               0.995,             0.77065,             0.01467,            0.029274,           0.0014235,           0.0053866,           0.0053866,           0.0053866
                 235,            0.025053,            0.045798,           0.0014237,             0.99469,                   1,               0.995,             0.80569,            0.018798,            0.033012,           0.0013481,           0.0053668,           0.0053668,           0.0053668
                 236,            0.022562,            0.040031,           0.0014704,             0.99469,                   1,               0.995,             0.80569,            0.018798,            0.033012,           0.0013481,            0.005347,            0.005347,            0.005347
                 237,            0.019405,            0.042364,           0.0015918,             0.99463,                   1,               0.995,             0.83472,            0.014243,             0.02729,           0.0013906,           0.0053272,           0.0053272,           0.0053272
                 238,            0.019345,            0.043511,           0.0014793,             0.99462,                   1,               0.995,             0.89499,            0.013571,            0.031021,           0.0014351,           0.0053074,           0.0053074,           0.0053074
                 239,            0.021397,            0.054079,           0.0014012,             0.99466,                   1,               0.995,             0.79145,            0.013569,            0.030846,           0.0014334,           0.0052876,           0.0052876,           0.0052876
                 240,            0.020798,            0.045741,           0.0014168,             0.99466,                   1,               0.995,             0.79145,            0.013569,            0.030846,           0.0014334,           0.0052678,           0.0052678,           0.0052678
                 241,            0.020158,            0.048597,           0.0013892,             0.99467,                   1,               0.995,             0.86174,            0.011818,            0.029753,            0.001469,            0.005248,            0.005248,            0.005248
                 242,            0.020656,            0.048436,           0.0014492,             0.99449,                   1,               0.995,             0.74332,             0.02104,            0.038519,           0.0013493,           0.0052282,           0.0052282,           0.0052282
                 243,            0.025645,             0.04482,           0.0022131,             0.99471,                   1,               0.995,             0.78996,            0.015526,            0.031851,           0.0014002,           0.0052084,           0.0052084,           0.0052084
                 244,            0.020633,            0.047451,           0.0014296,             0.99471,                   1,               0.995,             0.78996,            0.015526,            0.031851,           0.0014002,           0.0051886,           0.0051886,           0.0051886
                 245,            0.017026,            0.037245,           0.0014545,             0.99467,                   1,               0.995,             0.87832,           0.0098862,            0.025042,              0.0014,           0.0051688,           0.0051688,           0.0051688
                 246,            0.019178,            0.042847,            0.001398,             0.99468,                   1,               0.995,             0.78069,            0.020039,            0.032846,           0.0013534,            0.005149,            0.005149,            0.005149
                 247,            0.025117,            0.042838,           0.0014791,             0.99464,                   1,               0.995,              0.8921,            0.012105,             0.02803,           0.0013883,           0.0051292,           0.0051292,           0.0051292
                 248,            0.021673,            0.054353,           0.0014568,             0.99464,                   1,               0.995,              0.8921,            0.012105,             0.02803,           0.0013883,           0.0051094,           0.0051094,           0.0051094
                 249,             0.01978,            0.043293,           0.0014686,              0.9947,                   1,               0.995,             0.88988,             0.01301,            0.029316,           0.0013963,           0.0050896,           0.0050896,           0.0050896
                 250,            0.018841,            0.041017,           0.0015662,             0.99482,                   1,               0.995,             0.85434,            0.017958,            0.034382,           0.0013388,           0.0050698,           0.0050698,           0.0050698
                 251,            0.025517,              0.0571,           0.0015419,             0.99494,                   1,               0.995,             0.87221,            0.013272,            0.027275,           0.0014345,             0.00505,             0.00505,             0.00505
                 252,            0.019477,            0.046112,           0.0013981,             0.99494,                   1,               0.995,             0.87221,            0.013272,            0.027275,           0.0014345,           0.0050302,           0.0050302,           0.0050302
                 253,            0.016418,            0.043048,           0.0014059,             0.99482,                   1,               0.995,             0.88509,            0.011507,            0.025991,           0.0014834,           0.0050104,           0.0050104,           0.0050104
                 254,            0.017979,            0.043028,           0.0015466,              0.9937,                   1,               0.995,             0.81236,            0.019716,            0.033003,           0.0014525,           0.0049906,           0.0049906,           0.0049906
                 255,            0.024733,            0.047277,           0.0014494,             0.99417,                   1,               0.995,             0.87971,            0.013941,            0.028217,            0.001502,           0.0049708,           0.0049708,           0.0049708
                 256,            0.021903,            0.049554,           0.0015137,             0.99417,                   1,               0.995,             0.87971,            0.013941,            0.028217,            0.001502,            0.004951,            0.004951,            0.004951
                 257,            0.018975,            0.039454,           0.0015953,             0.99392,                   1,               0.995,             0.89181,            0.011908,            0.027367,           0.0015377,           0.0049312,           0.0049312,           0.0049312
                 258,            0.017903,            0.042969,           0.0015232,             0.99354,                   1,               0.995,             0.84937,            0.018286,            0.032454,           0.0015281,           0.0049114,           0.0049114,           0.0049114
                 259,            0.022204,            0.046012,           0.0014732,             0.99434,                   1,               0.995,              0.8615,            0.010657,            0.027845,             0.00155,           0.0048916,           0.0048916,           0.0048916
                 260,            0.016741,            0.045679,           0.0014748,             0.99434,                   1,               0.995,              0.8615,            0.010657,            0.027845,             0.00155,           0.0048718,           0.0048718,           0.0048718
                 261,            0.016861,            0.037859,           0.0014986,             0.99495,                   1,               0.995,             0.89599,            0.010092,            0.028414,            0.001547,            0.004852,            0.004852,            0.004852
                 262,             0.01825,            0.051556,           0.0014918,             0.99496,                   1,               0.995,             0.74872,            0.018801,             0.03336,           0.0015256,           0.0048322,           0.0048322,           0.0048322
                 263,            0.025554,            0.054816,           0.0014211,             0.99479,                   1,               0.995,              0.9146,            0.011432,             0.02709,            0.001444,           0.0048124,           0.0048124,           0.0048124
                 264,            0.016277,            0.038728,            0.001564,             0.99479,                   1,               0.995,              0.9146,            0.011432,             0.02709,            0.001444,           0.0047926,           0.0047926,           0.0047926
                 265,            0.014575,            0.042512,            0.001425,             0.99476,                   1,               0.995,             0.86121,             0.01105,             0.02672,           0.0014348,           0.0047728,           0.0047728,           0.0047728
                 266,            0.017758,            0.045412,           0.0014168,             0.99478,                   1,               0.995,               0.948,             0.01313,            0.028713,           0.0013673,            0.004753,            0.004753,            0.004753
                 267,            0.021822,            0.045204,           0.0019249,             0.99495,                   1,               0.995,             0.88591,             0.01347,            0.033619,           0.0013709,           0.0047332,           0.0047332,           0.0047332
                 268,            0.015693,            0.042736,           0.0013529,             0.99495,                   1,               0.995,             0.88591,             0.01347,            0.033619,           0.0013709,           0.0047134,           0.0047134,           0.0047134
                 269,            0.013996,            0.039946,           0.0013453,             0.99496,                   1,               0.995,             0.91761,           0.0097345,            0.025028,           0.0013308,           0.0046936,           0.0046936,           0.0046936
                 270,            0.016246,            0.038037,           0.0012911,             0.99499,                   1,               0.995,             0.87563,            0.012669,            0.030993,            0.001257,           0.0046738,           0.0046738,           0.0046738
                 271,            0.015622,            0.040686,           0.0013062,             0.99512,                   1,               0.995,             0.84789,            0.018451,            0.033806,           0.0012435,            0.004654,            0.004654,            0.004654
                 272,            0.025157,            0.059953,           0.0012899,             0.99512,                   1,               0.995,             0.84789,            0.018451,            0.033806,           0.0012435,           0.0046342,           0.0046342,           0.0046342
                 273,            0.021018,            0.048206,           0.0013632,             0.99501,                   1,               0.995,             0.88905,            0.014731,            0.031963,           0.0012669,           0.0046144,           0.0046144,           0.0046144
                 274,            0.020023,            0.051439,           0.0012134,             0.99514,                   1,               0.995,             0.85745,            0.013223,            0.030912,           0.0012853,           0.0045946,           0.0045946,           0.0045946
                 275,            0.018645,            0.037604,           0.0014009,             0.99532,                   1,               0.995,             0.86583,            0.012428,            0.028606,           0.0012948,           0.0045748,           0.0045748,           0.0045748
                 276,            0.015452,            0.037834,           0.0013104,             0.99532,                   1,               0.995,             0.86583,            0.012428,            0.028606,           0.0012948,            0.004555,            0.004555,            0.004555
                 277,            0.015581,            0.035665,           0.0013222,             0.99518,                   1,               0.995,             0.89019,           0.0097855,            0.025465,           0.0013192,           0.0045352,           0.0045352,           0.0045352
                 278,            0.018093,             0.04073,           0.0013976,             0.99522,                   1,               0.995,             0.80654,            0.015718,            0.029585,           0.0012511,           0.0045154,           0.0045154,           0.0045154
                 279,            0.023125,            0.044693,           0.0012418,             0.99522,                   1,               0.995,             0.88811,            0.010323,            0.024605,           0.0013062,           0.0044956,           0.0044956,           0.0044956
                 280,            0.017179,            0.046125,           0.0014153,             0.99522,                   1,               0.995,             0.88811,            0.010323,            0.024605,           0.0013062,           0.0044758,           0.0044758,           0.0044758
                 281,            0.015445,            0.044888,           0.0012043,             0.99516,                   1,               0.995,             0.89582,           0.0096586,            0.024731,           0.0012782,            0.004456,            0.004456,            0.004456
                 282,            0.016337,            0.035475,           0.0014173,             0.99511,                   1,               0.995,             0.87664,            0.017726,            0.033798,           0.0011948,           0.0044362,           0.0044362,           0.0044362
                 283,            0.017406,            0.034466,           0.0014744,             0.99523,                   1,               0.995,             0.85794,            0.012929,             0.02709,           0.0011986,           0.0044164,           0.0044164,           0.0044164
                 284,            0.020292,              0.0359,           0.0012581,             0.99523,                   1,               0.995,             0.85794,            0.012929,             0.02709,           0.0011986,           0.0043966,           0.0043966,           0.0043966
                 285,            0.016936,            0.036949,           0.0012267,             0.99511,                   1,               0.995,             0.91731,            0.010763,             0.02599,           0.0011893,           0.0043768,           0.0043768,           0.0043768
                 286,            0.017999,            0.048723,            0.001105,             0.99508,                   1,               0.995,             0.91721,            0.014512,             0.03083,           0.0011607,            0.004357,            0.004357,            0.004357
                 287,            0.021743,            0.051258,           0.0011632,              0.9951,                   1,               0.995,             0.90418,             0.01022,            0.026073,           0.0011923,           0.0043372,           0.0043372,           0.0043372
                 288,             0.01864,            0.041914,           0.0014302,              0.9951,                   1,               0.995,             0.90418,             0.01022,            0.026073,           0.0011923,           0.0043174,           0.0043174,           0.0043174
                 289,            0.016528,              0.0405,           0.0012311,             0.99502,                   1,               0.995,             0.94367,           0.0089565,             0.02561,           0.0012022,           0.0042976,           0.0042976,           0.0042976
                 290,            0.018901,            0.044984,           0.0012353,             0.99503,                   1,               0.995,             0.79767,            0.019636,            0.034626,           0.0011274,           0.0042778,           0.0042778,           0.0042778
                 291,            0.024535,            0.044241,           0.0014524,             0.99502,                   1,               0.995,             0.87434,            0.012077,            0.027264,           0.0011858,            0.004258,            0.004258,            0.004258
                 292,            0.017856,            0.046293,           0.0011832,             0.99502,                   1,               0.995,             0.87434,            0.012077,            0.027264,           0.0011858,           0.0042382,           0.0042382,           0.0042382
                 293,            0.014517,            0.038195,           0.0012753,             0.99502,                   1,               0.995,             0.93899,           0.0091417,            0.024666,           0.0012016,           0.0042184,           0.0042184,           0.0042184
                 294,            0.015975,            0.040257,           0.0011366,             0.99505,                   1,               0.995,             0.84411,            0.012639,            0.027763,           0.0012152,           0.0041986,           0.0041986,           0.0041986
                 295,            0.021362,            0.042809,           0.0012733,             0.99507,                   1,               0.995,             0.89498,            0.013509,             0.02812,           0.0011971,           0.0041788,           0.0041788,           0.0041788
                 296,            0.019419,            0.047936,           0.0012113,             0.99507,                   1,               0.995,             0.89498,            0.013509,             0.02812,           0.0011971,            0.004159,            0.004159,            0.004159
                 297,            0.015685,            0.041055,           0.0012437,             0.99504,                   1,               0.995,             0.94057,             0.01054,             0.02593,           0.0012169,           0.0041392,           0.0041392,           0.0041392
                 298,            0.016254,            0.037497,           0.0011774,             0.99509,                   1,               0.995,             0.74644,            0.015662,            0.031199,           0.0012128,           0.0041194,           0.0041194,           0.0041194
                 299,            0.022022,            0.047154,           0.0011959,             0.99495,                   1,               0.995,             0.94139,            0.011929,            0.028507,           0.0012043,           0.0040996,           0.0040996,           0.0040996
                 300,            0.016462,            0.038037,           0.0012304,             0.99495,                   1,               0.995,             0.94139,            0.011929,            0.028507,           0.0012043,           0.0040798,           0.0040798,           0.0040798
                 301,            0.014336,            0.037122,           0.0012347,             0.99486,                   1,               0.995,             0.90919,           0.0098792,            0.026146,           0.0011939,             0.00406,             0.00406,             0.00406
                 302,            0.017449,            0.041349,           0.0011951,              0.9949,                   1,               0.995,             0.83414,            0.013043,            0.027699,           0.0011508,           0.0040402,           0.0040402,           0.0040402
                 303,            0.019443,            0.042273,           0.0012871,             0.99505,                   1,               0.995,             0.92034,            0.012532,            0.028202,           0.0011453,           0.0040204,           0.0040204,           0.0040204
                 304,            0.018597,            0.056642,           0.0010604,             0.99505,                   1,               0.995,             0.92034,            0.012532,            0.028202,           0.0011453,           0.0040006,           0.0040006,           0.0040006
                 305,            0.015256,            0.039538,           0.0011721,             0.99497,                   1,               0.995,             0.89928,            0.012425,            0.028648,           0.0011117,           0.0039808,           0.0039808,           0.0039808
                 306,            0.016182,            0.039541,           0.0012054,             0.99493,                   1,               0.995,             0.84735,            0.016785,            0.032532,           0.0011231,            0.003961,            0.003961,            0.003961
                 307,            0.021007,            0.040862,           0.0012557,             0.99489,                   1,               0.995,             0.90613,            0.010644,            0.024561,           0.0011044,           0.0039412,           0.0039412,           0.0039412
                 308,             0.01575,            0.034776,           0.0012257,             0.99489,                   1,               0.995,             0.90613,            0.010644,            0.024561,           0.0011044,           0.0039214,           0.0039214,           0.0039214
                 309,            0.015206,            0.038456,           0.0011548,              0.9949,                   1,               0.995,             0.92864,           0.0095435,            0.024399,           0.0011181,           0.0039016,           0.0039016,           0.0039016
                 310,            0.013781,            0.034309,           0.0011629,             0.99478,                   1,               0.995,              0.9067,            0.012105,             0.02634,           0.0010818,           0.0038818,           0.0038818,           0.0038818
                 311,             0.01757,            0.044401,           0.0012839,             0.99476,                   1,               0.995,             0.84826,            0.010592,            0.024431,           0.0011096,            0.003862,            0.003862,            0.003862
                 312,            0.018553,            0.044521,           0.0011283,             0.99476,                   1,               0.995,             0.84826,            0.010592,            0.024431,           0.0011096,           0.0038422,           0.0038422,           0.0038422
                 313,             0.01612,            0.040593,            0.001141,             0.99478,                   1,               0.995,             0.94946,           0.0089152,             0.02268,           0.0011036,           0.0038224,           0.0038224,           0.0038224
                 314,             0.01827,            0.053646,           0.0011244,             0.99473,                   1,               0.995,             0.83159,            0.014793,            0.028807,           0.0010875,           0.0038026,           0.0038026,           0.0038026
                 315,            0.022401,            0.045743,           0.0011797,             0.99488,                   1,               0.995,             0.92124,           0.0094503,            0.023083,           0.0010832,           0.0037828,           0.0037828,           0.0037828
                 316,            0.015446,            0.047376,           0.0011825,             0.99488,                   1,               0.995,             0.92124,           0.0094503,            0.023083,           0.0010832,            0.003763,            0.003763,            0.003763
                 317,            0.014377,            0.035055,           0.0012744,             0.99486,                   1,               0.995,             0.93822,           0.0091397,            0.023138,           0.0010815,           0.0037432,           0.0037432,           0.0037432
                 318,            0.016013,            0.041835,           0.0011117,              0.9948,                   1,               0.995,             0.83558,            0.013326,             0.02949,           0.0010264,           0.0037234,           0.0037234,           0.0037234
                 319,            0.019774,            0.048878,           0.0012771,             0.99496,                   1,               0.995,             0.93603,            0.010429,            0.025978,           0.0010368,           0.0037036,           0.0037036,           0.0037036
                 320,            0.015898,            0.038531,           0.0011696,             0.99496,                   1,               0.995,             0.93603,            0.010429,            0.025978,           0.0010368,           0.0036838,           0.0036838,           0.0036838
                 321,            0.014134,            0.038199,           0.0011105,             0.99504,                   1,               0.995,             0.92018,            0.011165,            0.026617,            0.001032,            0.003664,            0.003664,            0.003664
                 322,            0.014276,            0.034597,           0.0011414,             0.99498,                   1,               0.995,             0.92826,            0.011588,            0.026539,           0.0010345,           0.0036442,           0.0036442,           0.0036442
                 323,            0.016799,            0.040825,           0.0011745,             0.99498,                   1,               0.995,             0.89118,            0.010668,            0.025219,           0.0010662,           0.0036244,           0.0036244,           0.0036244
                 324,            0.020236,            0.044044,           0.0011591,             0.99498,                   1,               0.995,             0.89118,            0.010668,            0.025219,           0.0010662,           0.0036046,           0.0036046,           0.0036046
                 325,            0.016146,            0.043309,           0.0011077,             0.99496,                   1,               0.995,             0.91414,           0.0097216,            0.024677,           0.0010826,           0.0035848,           0.0035848,           0.0035848
                 326,            0.017044,             0.04313,           0.0011129,             0.99497,                   1,               0.995,             0.87799,            0.011243,            0.024881,           0.0010763,            0.003565,            0.003565,            0.003565
                 327,            0.018249,            0.034082,           0.0011661,             0.99488,                   1,               0.995,             0.94016,            0.013096,            0.028015,           0.0010706,           0.0035452,           0.0035452,           0.0035452
                 328,            0.017492,            0.037201,           0.0012558,             0.99488,                   1,               0.995,             0.94016,            0.013096,            0.028015,           0.0010706,           0.0035254,           0.0035254,           0.0035254
                 329,            0.014771,            0.037852,            0.001149,             0.99491,                   1,               0.995,             0.95023,            0.010849,            0.024479,           0.0010657,           0.0035056,           0.0035056,           0.0035056
                 330,            0.015908,            0.044772,           0.0010729,             0.99505,                   1,               0.995,              0.8837,            0.013604,            0.029802,           0.0010662,           0.0034858,           0.0034858,           0.0034858
                 331,             0.01892,            0.042815,           0.0011718,             0.99512,                   1,               0.995,             0.90624,            0.010874,            0.025448,           0.0010561,            0.003466,            0.003466,            0.003466
                 332,            0.016136,            0.037485,           0.0011361,             0.99512,                   1,               0.995,             0.90624,            0.010874,            0.025448,           0.0010561,           0.0034462,           0.0034462,           0.0034462
                 333,            0.016357,            0.034766,           0.0011432,             0.99507,                   1,               0.995,             0.90575,            0.010057,            0.024101,           0.0010511,           0.0034264,           0.0034264,           0.0034264
                 334,            0.016018,            0.044274,           0.0011504,             0.99515,                   1,               0.995,             0.93688,           0.0093182,             0.02416,           0.0010697,           0.0034066,           0.0034066,           0.0034066
                 335,            0.017832,            0.043747,           0.0011469,             0.99506,                   1,               0.995,             0.93173,            0.010777,            0.027147,           0.0010567,           0.0033868,           0.0033868,           0.0033868
                 336,            0.015229,            0.040211,           0.0017912,             0.99506,                   1,               0.995,             0.93173,            0.010777,            0.027147,           0.0010567,            0.003367,            0.003367,            0.003367
                 337,            0.013773,            0.041559,            0.001146,             0.99508,                   1,               0.995,             0.94999,           0.0086839,            0.023479,           0.0010717,           0.0033472,           0.0033472,           0.0033472
                 338,            0.013479,            0.034032,           0.0010466,             0.99514,                   1,               0.995,             0.93642,            0.010619,            0.025259,           0.0010719,           0.0033274,           0.0033274,           0.0033274
                 339,            0.016619,            0.042608,           0.0010412,             0.99519,                   1,               0.995,             0.89871,            0.010212,            0.024725,           0.0010777,           0.0033076,           0.0033076,           0.0033076
                 340,            0.016017,             0.04418,           0.0010902,             0.99519,                   1,               0.995,             0.89871,            0.010212,            0.024725,           0.0010777,           0.0032878,           0.0032878,           0.0032878
                 341,            0.013783,            0.033997,           0.0010814,             0.99522,                   1,               0.995,             0.94215,            0.008252,             0.02318,            0.001084,            0.003268,            0.003268,            0.003268
                 342,            0.014645,            0.042453,           0.0011023,             0.99527,                   1,               0.995,             0.88408,            0.013074,            0.031734,           0.0011042,           0.0032482,           0.0032482,           0.0032482
                 343,            0.018537,              0.0468,           0.0010801,             0.99528,                   1,               0.995,             0.93056,           0.0095252,            0.024601,           0.0010848,           0.0032284,           0.0032284,           0.0032284
                 344,            0.013461,            0.033018,           0.0011383,             0.99528,                   1,               0.995,             0.93056,           0.0095252,            0.024601,           0.0010848,           0.0032086,           0.0032086,           0.0032086
                 345,            0.013692,            0.033305,           0.0011811,             0.99528,                   1,               0.995,             0.94563,           0.0079649,            0.023502,           0.0010695,           0.0031888,           0.0031888,           0.0031888
                 346,            0.015984,            0.035499,           0.0010414,             0.99524,                   1,               0.995,             0.87878,            0.013074,            0.030157,           0.0010779,            0.003169,            0.003169,            0.003169
                 347,            0.020329,            0.041266,           0.0011037,             0.99517,                   1,               0.995,             0.93674,           0.0087451,            0.024248,           0.0010473,           0.0031492,           0.0031492,           0.0031492
                 348,            0.015674,            0.035591,           0.0010243,             0.99517,                   1,               0.995,             0.93674,           0.0087451,            0.024248,           0.0010473,           0.0031294,           0.0031294,           0.0031294
                 349,            0.013496,              0.0374,          0.00097903,             0.99516,                   1,               0.995,             0.94204,            0.009305,            0.025024,           0.0010308,           0.0031096,           0.0031096,           0.0031096
                 350,            0.015141,            0.046696,          0.00095305,             0.99518,                   1,               0.995,             0.94658,           0.0082238,            0.023657,           0.0010328,           0.0030898,           0.0030898,           0.0030898
                 351,            0.014993,            0.037115,           0.0010507,              0.9953,                   1,               0.995,             0.90498,            0.013818,            0.030546,           0.0009882,             0.00307,             0.00307,             0.00307
                 352,            0.018257,            0.040958,          0.00096553,              0.9953,                   1,               0.995,             0.90498,            0.013818,            0.030546,           0.0009882,           0.0030502,           0.0030502,           0.0030502
                 353,              0.0161,            0.041229,          0.00098132,             0.99524,                   1,               0.995,              0.9488,           0.0096526,            0.024605,           0.0010019,           0.0030304,           0.0030304,           0.0030304
                 354,            0.014726,            0.032111,          0.00094966,             0.99533,                   1,               0.995,             0.86473,            0.011457,            0.027264,           0.0010419,           0.0030106,           0.0030106,           0.0030106
                 355,            0.018918,            0.045287,           0.0010221,             0.99529,                   1,               0.995,             0.94812,           0.0092614,            0.023823,           0.0010311,           0.0029908,           0.0029908,           0.0029908
                 356,            0.015417,            0.042477,           0.0010708,             0.99529,                   1,               0.995,             0.94812,           0.0092614,            0.023823,           0.0010311,            0.002971,            0.002971,            0.002971
                 357,            0.014419,            0.043471,           0.0011414,             0.99531,                   1,               0.995,              0.9296,           0.0090631,            0.023001,           0.0010146,           0.0029512,           0.0029512,           0.0029512
                 358,            0.014075,            0.037583,           0.0009738,             0.99526,                   1,               0.995,             0.80871,            0.011279,             0.02507,          0.00099342,           0.0029314,           0.0029314,           0.0029314
                 359,            0.015742,            0.035672,          0.00095151,             0.99535,                   1,               0.995,             0.93054,           0.0098757,            0.022701,           0.0009887,           0.0029116,           0.0029116,           0.0029116
                 360,            0.015306,            0.034035,          0.00093996,             0.99535,                   1,               0.995,             0.93054,           0.0098757,            0.022701,           0.0009887,           0.0028918,           0.0028918,           0.0028918
                 361,            0.013629,            0.036051,           0.0010634,             0.99521,                   1,               0.995,             0.93976,           0.0084677,             0.02169,          0.00096631,            0.002872,            0.002872,            0.002872
                 362,            0.013095,            0.036741,          0.00095394,             0.99529,                   1,               0.995,             0.88526,            0.010654,            0.024796,          0.00096123,           0.0028522,           0.0028522,           0.0028522
                 363,            0.015586,            0.035122,           0.0010051,             0.99526,                   1,               0.995,              0.9453,           0.0085063,            0.022465,          0.00095658,           0.0028324,           0.0028324,           0.0028324
                 364,            0.013683,            0.033668,          0.00092913,             0.99526,                   1,               0.995,              0.9453,           0.0085063,            0.022465,          0.00095658,           0.0028126,           0.0028126,           0.0028126
                 365,            0.013085,            0.035856,          0.00089766,             0.99519,                   1,               0.995,             0.94839,           0.0075605,            0.022362,          0.00094457,           0.0027928,           0.0027928,           0.0027928
                 366,            0.013202,            0.037214,          0.00095094,             0.99514,                   1,               0.995,             0.90456,            0.010994,            0.026142,           0.0009357,            0.002773,            0.002773,            0.002773
                 367,            0.015575,            0.038666,          0.00096869,             0.99521,                   1,               0.995,             0.92917,           0.0082367,            0.022926,          0.00093741,           0.0027532,           0.0027532,           0.0027532
                 368,            0.013055,            0.033894,          0.00091435,             0.99521,                   1,               0.995,             0.92917,           0.0082367,            0.022926,          0.00093741,           0.0027334,           0.0027334,           0.0027334
                 369,            0.014441,            0.038456,          0.00088687,             0.99527,                   1,               0.995,             0.93126,           0.0085394,            0.023071,          0.00093098,           0.0027136,           0.0027136,           0.0027136
                 370,            0.013253,            0.033402,          0.00087349,             0.99528,                   1,               0.995,             0.86894,            0.012744,            0.027737,          0.00092661,           0.0026938,           0.0026938,           0.0026938
                 371,             0.01753,            0.047555,          0.00087161,             0.99528,                   1,               0.995,             0.92312,           0.0092431,            0.024942,          0.00094299,            0.002674,            0.002674,            0.002674
                 372,            0.015101,            0.041601,          0.00082755,             0.99528,                   1,               0.995,             0.92312,           0.0092431,            0.024942,          0.00094299,           0.0026542,           0.0026542,           0.0026542
                 373,            0.013619,            0.029171,             0.00102,             0.99524,                   1,               0.995,             0.94154,           0.0077853,            0.022436,          0.00093212,           0.0026344,           0.0026344,           0.0026344
                 374,             0.01621,            0.039387,          0.00090998,             0.99529,                   1,               0.995,             0.85649,            0.011369,            0.026798,          0.00092812,           0.0026146,           0.0026146,           0.0026146
                 375,            0.018062,            0.035711,           0.0009412,             0.99525,                   1,               0.995,             0.94044,           0.0088793,            0.023232,          0.00090523,           0.0025948,           0.0025948,           0.0025948
                 376,            0.014092,            0.036614,          0.00093678,             0.99525,                   1,               0.995,             0.94044,           0.0088793,            0.023232,          0.00090523,            0.002575,            0.002575,            0.002575
                 377,             0.01152,            0.031144,          0.00087157,             0.99525,                   1,               0.995,             0.94481,           0.0090094,            0.023771,          0.00089235,           0.0025552,           0.0025552,           0.0025552
                 378,             0.01169,            0.036145,          0.00090177,             0.99521,                   1,               0.995,             0.95921,           0.0077697,             0.02202,          0.00089507,           0.0025354,           0.0025354,           0.0025354
                 379,            0.012861,            0.038897,          0.00086297,             0.99512,                   1,               0.995,             0.94015,            0.010435,            0.025419,          0.00087132,           0.0025156,           0.0025156,           0.0025156
                 380,            0.016825,            0.046036,          0.00082713,             0.99512,                   1,               0.995,             0.94015,            0.010435,            0.025419,          0.00087132,           0.0024958,           0.0024958,           0.0024958
                 381,             0.01493,            0.040088,          0.00083218,             0.99524,                   1,               0.995,             0.95708,           0.0088784,            0.023048,          0.00085831,            0.002476,            0.002476,            0.002476
                 382,            0.013065,            0.031989,          0.00096895,             0.99512,                   1,               0.995,               0.949,            0.010275,            0.024519,          0.00084229,           0.0024562,           0.0024562,           0.0024562
                 383,            0.013734,             0.03542,          0.00086869,             0.99525,                   1,               0.995,             0.94101,           0.0083924,            0.021894,          0.00082347,           0.0024364,           0.0024364,           0.0024364
                 384,            0.013739,            0.033677,           0.0008811,             0.99525,                   1,               0.995,             0.94101,           0.0083924,            0.021894,          0.00082347,           0.0024166,           0.0024166,           0.0024166
                 385,            0.012929,            0.037762,          0.00087823,             0.99522,                   1,               0.995,             0.95879,           0.0071561,            0.020124,          0.00081697,           0.0023968,           0.0023968,           0.0023968
                 386,            0.011283,            0.029445,          0.00084315,             0.99522,                   1,               0.995,              0.9169,            0.010462,            0.024292,          0.00080152,            0.002377,            0.002377,            0.002377
                 387,            0.013853,            0.044265,          0.00081442,             0.99525,                   1,               0.995,             0.91399,           0.0088925,            0.022568,          0.00081289,           0.0023572,           0.0023572,           0.0023572
                 388,            0.015286,            0.041888,          0.00089667,             0.99525,                   1,               0.995,             0.91399,           0.0088925,            0.022568,          0.00081289,           0.0023374,           0.0023374,           0.0023374
                 389,             0.01347,              0.0429,           0.0007528,             0.99524,                   1,               0.995,             0.92598,           0.0081336,             0.02066,          0.00080738,           0.0023176,           0.0023176,           0.0023176
                 390,            0.013404,            0.035812,          0.00087885,             0.99523,                   1,               0.995,             0.95021,           0.0092323,            0.023144,          0.00078292,           0.0022978,           0.0022978,           0.0022978
                 391,            0.016544,            0.037277,           0.0012853,             0.99527,                   1,               0.995,             0.93482,           0.0083687,            0.021614,          0.00078728,            0.002278,            0.002278,            0.002278
                 392,            0.012275,            0.032252,          0.00087587,             0.99527,                   1,               0.995,             0.93482,           0.0083687,            0.021614,          0.00078728,           0.0022582,           0.0022582,           0.0022582
                 393,            0.012836,            0.033823,          0.00085466,             0.99523,                   1,               0.995,             0.94501,           0.0076335,            0.020964,          0.00077856,           0.0022384,           0.0022384,           0.0022384
                 394,            0.012493,            0.032279,          0.00084866,             0.99527,                   1,               0.995,             0.94398,            0.008888,            0.021772,           0.0007679,           0.0022186,           0.0022186,           0.0022186
                 395,            0.013239,            0.034971,          0.00080088,             0.99526,                   1,               0.995,             0.91559,           0.0082546,             0.02109,           0.0007699,           0.0021988,           0.0021988,           0.0021988
                 396,             0.01188,            0.030022,          0.00077049,             0.99526,                   1,               0.995,             0.91559,           0.0082546,             0.02109,           0.0007699,            0.002179,            0.002179,            0.002179
                 397,            0.011857,            0.036475,          0.00079958,             0.99518,                   1,               0.995,             0.93498,           0.0075277,            0.020597,          0.00076833,           0.0021592,           0.0021592,           0.0021592
                 398,            0.012197,            0.033541,           0.0007825,             0.99528,                   1,               0.995,             0.93943,           0.0085126,            0.023277,          0.00077319,           0.0021394,           0.0021394,           0.0021394
                 399,             0.01408,            0.032991,          0.00087709,             0.99519,                   1,               0.995,             0.93856,            0.010045,            0.025915,          0.00074437,           0.0021196,           0.0021196,           0.0021196
                 400,            0.012298,            0.032516,          0.00077855,             0.99519,                   1,               0.995,             0.93856,            0.010045,            0.025915,          0.00074437,           0.0020998,           0.0020998,           0.0020998
                 401,            0.011882,            0.033578,          0.00077693,             0.99524,                   1,               0.995,             0.95586,            0.010011,            0.026224,          0.00074008,             0.00208,             0.00208,             0.00208
                 402,            0.011775,            0.031788,          0.00080948,             0.99519,                   1,               0.995,             0.96006,           0.0068159,            0.019672,          0.00073721,           0.0020602,           0.0020602,           0.0020602
                 403,             0.01172,            0.031428,          0.00077329,             0.99523,                   1,               0.995,             0.92452,            0.010505,            0.026365,          0.00073407,           0.0020404,           0.0020404,           0.0020404
                 404,            0.013781,            0.037172,          0.00077715,             0.99523,                   1,               0.995,             0.92452,            0.010505,            0.026365,          0.00073407,           0.0020206,           0.0020206,           0.0020206
                 405,            0.012051,             0.03158,          0.00086585,              0.9953,                   1,               0.995,             0.95661,           0.0082252,            0.022917,          0.00073664,           0.0020008,           0.0020008,           0.0020008
                 406,               0.015,            0.041489,          0.00075265,             0.99528,                   1,               0.995,             0.93583,           0.0099153,            0.024162,          0.00074658,            0.001981,            0.001981,            0.001981
                 407,            0.016135,            0.036522,           0.0007847,             0.99532,                   1,               0.995,             0.95785,           0.0066168,            0.019602,          0.00074744,           0.0019612,           0.0019612,           0.0019612
                 408,            0.011276,            0.031511,          0.00084158,             0.99532,                   1,               0.995,             0.95785,           0.0066168,            0.019602,          0.00074744,           0.0019414,           0.0019414,           0.0019414
                 409,            0.010778,            0.032989,          0.00081342,             0.99543,                   1,               0.995,             0.96311,           0.0065426,            0.019464,          0.00075624,           0.0019216,           0.0019216,           0.0019216
                 410,            0.011777,            0.028821,          0.00079369,             0.99542,                   1,               0.995,             0.93281,           0.0077676,            0.020758,          0.00076683,           0.0019018,           0.0019018,           0.0019018
                 411,            0.013019,            0.036196,          0.00080064,             0.99547,                   1,               0.995,              0.9501,            0.006701,            0.020184,          0.00076382,            0.001882,            0.001882,            0.001882
                 412,            0.012455,            0.037164,           0.0007862,             0.99547,                   1,               0.995,              0.9501,            0.006701,            0.020184,          0.00076382,           0.0018622,           0.0018622,           0.0018622
                 413,            0.011991,            0.034516,          0.00098407,             0.99539,                   1,               0.995,             0.95907,           0.0064817,            0.019926,          0.00076568,           0.0018424,           0.0018424,           0.0018424
                 414,            0.011732,            0.032955,          0.00072686,             0.99548,                   1,               0.995,             0.96006,           0.0082417,            0.022469,           0.0007561,           0.0018226,           0.0018226,           0.0018226
                 415,            0.011806,             0.03549,          0.00070351,             0.99546,                   1,               0.995,             0.96314,           0.0079587,            0.021332,           0.0007586,           0.0018028,           0.0018028,           0.0018028
                 416,            0.013768,            0.036786,          0.00084671,             0.99546,                   1,               0.995,             0.96314,           0.0079587,            0.021332,           0.0007586,            0.001783,            0.001783,            0.001783
                 417,            0.012329,            0.032812,          0.00072688,             0.99537,                   1,               0.995,              0.9617,           0.0072648,            0.020224,          0.00075481,           0.0017632,           0.0017632,           0.0017632
                 418,            0.012377,            0.030059,          0.00077477,             0.99536,                   1,               0.995,              0.9617,           0.0080901,            0.021843,          0.00075352,           0.0017434,           0.0017434,           0.0017434
                 419,            0.012147,            0.032525,          0.00075692,             0.99535,                   1,               0.995,             0.96171,           0.0070829,            0.021183,          0.00074437,           0.0017236,           0.0017236,           0.0017236
                 420,            0.011746,            0.030535,           0.0007826,             0.99535,                   1,               0.995,             0.96171,           0.0070829,            0.021183,          0.00074437,           0.0017038,           0.0017038,           0.0017038
                 421,            0.011883,            0.030591,          0.00071078,             0.99539,                   1,               0.995,             0.96173,           0.0065157,            0.019648,          0.00072885,            0.001684,            0.001684,            0.001684
                 422,            0.011103,            0.024825,          0.00078166,             0.99536,                   1,               0.995,              0.9538,           0.0074351,            0.019403,          0.00070503,           0.0016642,           0.0016642,           0.0016642
                 423,             0.01178,             0.03728,           0.0007598,             0.99533,                   1,               0.995,             0.95766,           0.0071999,            0.020052,          0.00070002,           0.0016444,           0.0016444,           0.0016444
                 424,            0.010794,            0.032337,          0.00071533,             0.99533,                   1,               0.995,             0.95766,           0.0071999,            0.020052,          0.00070002,           0.0016246,           0.0016246,           0.0016246
                 425,            0.011111,            0.028442,          0.00071576,             0.99538,                   1,               0.995,             0.95595,           0.0066289,            0.019262,          0.00070024,           0.0016048,           0.0016048,           0.0016048
                 426,            0.012176,            0.035076,          0.00069534,              0.9954,                   1,               0.995,             0.95735,            0.007181,            0.020367,          0.00069087,            0.001585,            0.001585,            0.001585
                 427,            0.012527,            0.032661,          0.00071358,             0.99543,                   1,               0.995,             0.95598,           0.0075986,            0.022036,          0.00069995,           0.0015652,           0.0015652,           0.0015652
                 428,            0.012296,            0.032106,          0.00069743,             0.99543,                   1,               0.995,             0.95598,           0.0075986,            0.022036,          0.00069995,           0.0015454,           0.0015454,           0.0015454
                 429,            0.011989,            0.032907,          0.00069997,             0.99543,                   1,               0.995,             0.95674,           0.0072969,            0.021639,          0.00069766,           0.0015256,           0.0015256,           0.0015256
                 430,            0.010877,            0.035086,          0.00069643,             0.99539,                   1,               0.995,             0.96098,           0.0068705,            0.021826,          0.00069351,           0.0015058,           0.0015058,           0.0015058
                 431,            0.011373,            0.032537,          0.00066795,             0.99542,                   1,               0.995,             0.95199,           0.0076543,            0.022305,          0.00069251,            0.001486,            0.001486,            0.001486
                 432,            0.014067,            0.040066,          0.00065998,             0.99542,                   1,               0.995,             0.95199,           0.0076543,            0.022305,          0.00069251,           0.0014662,           0.0014662,           0.0014662
                 433,            0.010814,            0.024429,          0.00071499,             0.99541,                   1,               0.995,             0.96425,           0.0067784,            0.020466,          0.00068965,           0.0014464,           0.0014464,           0.0014464
                 434,            0.012509,            0.031445,          0.00077101,             0.99537,                   1,               0.995,             0.96432,           0.0071356,            0.020761,          0.00068614,           0.0014266,           0.0014266,           0.0014266
                 435,            0.012624,            0.038694,          0.00085275,             0.99543,                   1,               0.995,             0.96138,           0.0061707,            0.019514,          0.00069981,           0.0014068,           0.0014068,           0.0014068
                 436,            0.010974,            0.025347,          0.00068731,             0.99543,                   1,               0.995,             0.96138,           0.0061707,            0.019514,          0.00069981,            0.001387,            0.001387,            0.001387
                 437,            0.011244,            0.033103,          0.00064399,             0.99543,                   1,               0.995,              0.9632,           0.0057437,            0.018801,          0.00070388,           0.0013672,           0.0013672,           0.0013672
                 438,            0.011605,            0.034417,          0.00075936,             0.99545,                   1,               0.995,             0.97672,           0.0075593,            0.021978,          0.00070424,           0.0013474,           0.0013474,           0.0013474
                 439,            0.010817,            0.030815,          0.00066223,             0.99542,                   1,               0.995,             0.94468,           0.0066235,            0.020535,          0.00071633,           0.0013276,           0.0013276,           0.0013276
                 440,            0.012099,            0.031511,          0.00068009,             0.99542,                   1,               0.995,             0.94468,           0.0066235,            0.020535,          0.00071633,           0.0013078,           0.0013078,           0.0013078
                 441,            0.011467,            0.036243,          0.00062846,              0.9954,                   1,               0.995,             0.95212,           0.0065307,            0.020615,          0.00071332,            0.001288,            0.001288,            0.001288
                 442,            0.011284,            0.034816,           0.0006761,             0.99541,                   1,               0.995,             0.97216,           0.0072954,            0.021667,          0.00071261,           0.0012682,           0.0012682,           0.0012682
                 443,            0.011986,            0.034169,          0.00069735,             0.99545,                   1,               0.995,             0.95986,           0.0061451,            0.019405,          0.00071161,           0.0012484,           0.0012484,           0.0012484
                 444,            0.010207,             0.03265,          0.00070122,             0.99545,                   1,               0.995,             0.95986,           0.0061451,            0.019405,          0.00071161,           0.0012286,           0.0012286,           0.0012286
                 445,            0.010304,             0.02742,           0.0006237,             0.99545,                   1,               0.995,             0.95211,           0.0060794,            0.019474,          0.00071254,           0.0012088,           0.0012088,           0.0012088
                 446,            0.010635,            0.028821,          0.00066995,             0.99547,                   1,               0.995,             0.94992,           0.0068817,             0.02047,          0.00069888,            0.001189,            0.001189,            0.001189
                 447,            0.011061,             0.03241,          0.00066287,             0.99542,                   1,               0.995,             0.96254,           0.0063363,            0.019545,          0.00069036,           0.0011692,           0.0011692,           0.0011692
                 448,             0.01336,            0.040354,          0.00059593,             0.99542,                   1,               0.995,             0.96254,           0.0063363,            0.019545,          0.00069036,           0.0011494,           0.0011494,           0.0011494
                 449,             0.01071,            0.030846,          0.00060943,             0.99537,                   1,               0.995,             0.96334,           0.0062714,            0.019567,          0.00069072,           0.0011296,           0.0011296,           0.0011296
                 450,            0.012665,            0.038082,          0.00061567,             0.99537,                   1,               0.995,             0.95142,           0.0076111,            0.020901,          0.00066562,           0.0011098,           0.0011098,           0.0011098
                 451,            0.012108,            0.036632,          0.00068901,             0.99536,                   1,               0.995,             0.95424,           0.0060099,            0.018253,           0.0006516,             0.00109,             0.00109,             0.00109
                 452,             0.01113,            0.034188,          0.00077059,             0.99536,                   1,               0.995,             0.95424,           0.0060099,            0.018253,           0.0006516,           0.0010702,           0.0010702,           0.0010702
                 453,            0.010005,            0.034297,          0.00059484,             0.99536,                   1,               0.995,             0.96604,           0.0060651,             0.01857,           0.0006393,           0.0010504,           0.0010504,           0.0010504
                 454,            0.010703,            0.030627,          0.00066955,             0.99533,                   1,               0.995,             0.96323,            0.006157,            0.018621,          0.00062299,           0.0010306,           0.0010306,           0.0010306
                 455,            0.010815,            0.032306,          0.00060322,             0.99532,                   1,               0.995,             0.95069,           0.0068098,            0.019979,          0.00061398,           0.0010108,           0.0010108,           0.0010108
                 456,            0.010745,            0.038456,          0.00058076,             0.99532,                   1,               0.995,             0.95069,           0.0068098,            0.019979,          0.00061398,            0.000991,            0.000991,            0.000991
                 457,            0.010128,            0.031219,          0.00061851,             0.99532,                   1,               0.995,             0.95066,           0.0072267,            0.021313,          0.00060833,           0.0009712,           0.0009712,           0.0009712
                 458,            0.010188,            0.030796,          0.00062654,             0.99536,                   1,               0.995,             0.96066,            0.006191,            0.019058,          0.00060396,           0.0009514,           0.0009514,           0.0009514
                 459,            0.010532,            0.031605,          0.00060887,             0.99532,                   1,               0.995,             0.97106,           0.0071477,            0.019638,          0.00059409,           0.0009316,           0.0009316,           0.0009316
                 460,            0.011228,             0.02831,          0.00062711,             0.99532,                   1,               0.995,             0.97106,           0.0071477,            0.019638,          0.00059409,           0.0009118,           0.0009118,           0.0009118
                 461,            0.010046,            0.029879,          0.00057365,             0.99534,                   1,               0.995,             0.96807,           0.0066064,            0.018585,          0.00058944,            0.000892,            0.000892,            0.000892
                 462,            0.010922,            0.035735,          0.00058185,             0.99536,                   1,               0.995,             0.94856,           0.0061914,            0.017546,          0.00058801,           0.0008722,           0.0008722,           0.0008722
                 463,            0.010067,            0.033755,          0.00059984,             0.99538,                   1,               0.995,             0.94985,            0.006934,            0.019022,          0.00058451,           0.0008524,           0.0008524,           0.0008524
                 464,           0.0099826,            0.033183,          0.00057914,             0.99538,                   1,               0.995,             0.94985,            0.006934,            0.019022,          0.00058451,           0.0008326,           0.0008326,           0.0008326
                 465,            0.010375,            0.033048,           0.0005907,             0.99536,                   1,               0.995,             0.94924,           0.0069559,            0.019157,          0.00058329,           0.0008128,           0.0008128,           0.0008128
                 466,           0.0095744,            0.028379,           0.0005494,             0.99542,                   1,               0.995,             0.93785,           0.0064026,            0.018209,          0.00058465,            0.000793,            0.000793,            0.000793
                 467,           0.0093368,            0.028555,           0.0005687,             0.99541,                   1,               0.995,             0.94943,           0.0067397,            0.018532,          0.00058866,           0.0007732,           0.0007732,           0.0007732
                 468,            0.010211,            0.031138,          0.00061436,             0.99541,                   1,               0.995,             0.94943,           0.0067397,            0.018532,          0.00058866,           0.0007534,           0.0007534,           0.0007534
                 469,            0.009501,            0.031307,          0.00055764,             0.99541,                   1,               0.995,             0.94943,           0.0069364,            0.018816,          0.00059216,           0.0007336,           0.0007336,           0.0007336
                 470,            0.010507,            0.028476,          0.00061252,             0.99537,                   1,               0.995,              0.9606,           0.0065547,             0.01837,           0.0005898,           0.0007138,           0.0007138,           0.0007138
                 471,            0.010232,            0.030765,          0.00054172,             0.99544,                   1,               0.995,             0.95015,           0.0059798,            0.017754,           0.0005898,            0.000694,            0.000694,            0.000694
                 472,            0.010533,            0.032783,          0.00065597,             0.99544,                   1,               0.995,             0.95015,           0.0059798,            0.017754,           0.0005898,           0.0006742,           0.0006742,           0.0006742
                 473,            0.010312,            0.033357,          0.00058775,              0.9954,                   1,               0.995,              0.9501,           0.0062411,            0.018473,          0.00059123,           0.0006544,           0.0006544,           0.0006544
                 474,             0.01039,            0.029388,           0.0006192,              0.9954,                   1,               0.995,             0.96342,            0.006122,            0.018282,          0.00058529,           0.0006346,           0.0006346,           0.0006346
                 475,           0.0099488,            0.026325,          0.00055275,              0.9954,                   1,               0.995,             0.95015,           0.0060312,            0.017994,          0.00058386,           0.0006148,           0.0006148,           0.0006148
                 476,           0.0099676,            0.030417,          0.00054332,              0.9954,                   1,               0.995,             0.95015,           0.0060312,            0.017994,          0.00058386,            0.000595,            0.000595,            0.000595
                 477,           0.0098349,            0.035019,          0.00051452,             0.99543,                   1,               0.995,             0.95013,           0.0062066,             0.01827,          0.00057821,           0.0005752,           0.0005752,           0.0005752
                 478,            0.010246,             0.02622,          0.00056762,             0.99543,                   1,               0.995,             0.96344,           0.0061802,             0.01812,          0.00057185,           0.0005554,           0.0005554,           0.0005554
                 479,           0.0097582,            0.029864,           0.0006192,             0.99541,                   1,               0.995,             0.96342,           0.0061263,            0.018063,          0.00056705,           0.0005356,           0.0005356,           0.0005356
                 480,             0.01136,            0.033311,          0.00058635,             0.99541,                   1,               0.995,             0.96342,           0.0061263,            0.018063,          0.00056705,           0.0005158,           0.0005158,           0.0005158
                 481,            0.009953,            0.032701,          0.00054511,             0.99537,                   1,               0.995,              0.9494,           0.0064152,            0.018782,          0.00056305,            0.000496,            0.000496,            0.000496
                 482,            0.010076,             0.02898,          0.00057947,             0.99537,                   1,               0.995,             0.95029,           0.0063468,            0.018644,          0.00055962,           0.0004762,           0.0004762,           0.0004762
                 483,           0.0096616,            0.034962,          0.00052807,             0.99538,                   1,               0.995,             0.94947,           0.0061198,            0.018265,          0.00055804,           0.0004564,           0.0004564,           0.0004564
                 484,           0.0096688,            0.030694,          0.00059184,             0.99538,                   1,               0.995,             0.94947,           0.0061198,            0.018265,          0.00055804,           0.0004366,           0.0004366,           0.0004366
                 485,           0.0097079,            0.031339,          0.00055954,             0.99543,                   1,               0.995,             0.94942,           0.0061065,            0.018166,          0.00055346,           0.0004168,           0.0004168,           0.0004168
                 486,           0.0097849,            0.032268,          0.00053861,              0.9954,                   1,               0.995,             0.94939,           0.0061945,            0.018192,          0.00054889,            0.000397,            0.000397,            0.000397
                 487,            0.010305,            0.033802,           0.0005108,              0.9954,                   1,               0.995,             0.94942,           0.0061823,            0.018106,          0.00054324,           0.0003772,           0.0003772,           0.0003772
                 488,           0.0096916,             0.03059,          0.00051529,              0.9954,                   1,               0.995,             0.94942,           0.0061823,            0.018106,          0.00054324,           0.0003574,           0.0003574,           0.0003574
                 489,           0.0099231,            0.028359,          0.00055938,             0.99539,                   1,               0.995,              0.9479,           0.0062672,            0.018198,          0.00053766,           0.0003376,           0.0003376,           0.0003376
                 490,            0.010119,            0.028694,          0.00063696,             0.99542,                   1,               0.995,             0.94719,            0.006226,            0.018105,          0.00053229,           0.0003178,           0.0003178,           0.0003178
                 491,           0.0088593,            0.028031,          0.00052222,             0.99538,                   1,               0.995,             0.96277,           0.0059843,            0.017727,          0.00053065,            0.000298,            0.000298,            0.000298
                 492,           0.0099794,             0.03493,          0.00054055,             0.99538,                   1,               0.995,             0.96277,           0.0059843,            0.017727,          0.00053065,           0.0002782,           0.0002782,           0.0002782
                 493,            0.009479,            0.030812,          0.00051037,             0.99537,                   1,               0.995,             0.96274,           0.0059531,            0.017708,            0.000529,           0.0002584,           0.0002584,           0.0002584
                 494,           0.0090582,             0.02711,          0.00050568,             0.99533,                   1,               0.995,             0.96266,           0.0059257,            0.017689,           0.0005265,           0.0002386,           0.0002386,           0.0002386
                 495,           0.0098061,            0.027207,          0.00056248,             0.99533,                   1,               0.995,             0.96262,           0.0059464,            0.017704,          0.00052536,           0.0002188,           0.0002188,           0.0002188
                 496,           0.0087811,            0.025781,          0.00050451,             0.99533,                   1,               0.995,             0.96262,           0.0059464,            0.017704,          0.00052536,            0.000199,            0.000199,            0.000199
                 497,            0.010489,            0.031542,          0.00056448,             0.99533,                   1,               0.995,             0.96267,           0.0060191,            0.017864,          0.00052257,           0.0001792,           0.0001792,           0.0001792
                 498,           0.0092259,             0.02556,          0.00056897,             0.99533,                   1,               0.995,             0.96262,           0.0060178,              0.0179,          0.00052271,           0.0001594,           0.0001594,           0.0001594
                 499,           0.0097162,            0.028821,          0.00056286,             0.99533,                   1,               0.995,             0.96269,           0.0060246,            0.017855,          0.00052414,           0.0001396,           0.0001396,           0.0001396
